Duration,Title,Published_date,Views,Likes,Comments,Type
54.0,CONHE√áA os TELESC√ìPIOS mais IMPORTANTES do MUNDO,2024-12-26,8840,1350,12,Short
52.0,VERA RUBIN: O  TELESC√ìPIO COM a MAIOR C√ÇMERA CONTRU√çDA da HIST√ìRIA,2024-12-25,27201,3599,25,Short
165.0,SERJ√ÉO EXPLICA o PORQU√ä EST√Å sendo CANCELADO,2024-12-24,20066,2459,157,Live
27.0,O QUE √â uma SUPERNOVA,2024-12-23,8094,1294,16,Short
66.0,ENTENDA a TEORIA da FLORESTA NEGRA,2024-12-22,33783,4063,73,Live
58.0,SERJ√ÉO EXPLICA O QUE FOI o SINAL WOW,2024-12-21,26763,3047,65,Short
12865.0,OPERA√á√ÉO PRATO [COM ANDREI E SCHWARZA] - Ci√™ncia Sem Fim #285,2024-12-21,221004,13285,501,Live
66.0,O QUE √â a MENSAGEM de ARECIBO?,2024-12-20,31153,3466,109,Live
46.0,√â ASSIM que FUNCIONAM os LAN√áAMENTOS de FOGUETES,2024-12-19,259985,23419,126,Short
7709.0,SACANI RESPONDE [O QUE ESPERAR DE 2025?] - Ci√™ncia Sem Fim #284,2024-12-19,91837,7157,303,Live
25.0,A VERDADE POR TR√ÅS do FILME CONTATO,2024-12-18,8627,1205,16,Short
60.0,O QUE √â o PROJETO SETI?,2024-12-17,16882,2671,24,Short
66.0,PROJECT CYCLOPS: o PROJETO QUE PROMETIA DETECTAR VIDA EXTRATERRESTRE,2024-12-16,83990,7970,129,Live
58.0,O QUE s√£o BURACOS NEGROS PRIMORDIAIS,2024-12-14,13814,2178,24,Short
122.0,O DIA que O JAMES WEBB PULVERIZOU o HUBBLE,2024-12-13,17883,2034,15,Live
9024.0,CAIO AMATO [OAKLEY] - Ci√™ncia Sem Fim #283,2024-12-13,45415,2849,165,Live
85.0,UMA AULA do SERJ√ÉO sobre ATUALIZA√á√ÉO de MODELOS,2024-12-12,33440,4018,45,Live
13549.0,SACANI RESPONDE [A HIST√ìRIA DOS √îNIBUS ESPACIAIS] - Ci√™ncia Sem Fim #282,2024-12-12,323168,8085,205,Live
99.0,DESCOBERTA INCR√çVEL do JAMES WEBB,2024-12-11,63630,6565,93,Live
53.0,DESCOBRIRAM quem M4T0U J. KENNEDY?,2024-12-10,277278,20580,247,Short
21.0,SERJ√ÉO fica BRAVO com PERGUNTA?,2024-12-06,112649,8015,118,Short
52.0,A PRADA fez o TRAJE ESPACIAL LUNAR?,2024-12-06,5970,862,10,Short
3279.0,SACANI RESPONDE NA CCXP [QUANDO O HOMEM VOLTA PRA LUA?] - Ci√™ncia Sem Fim #281,2024-12-06,36215,3463,40,Live
49.0,VOC√ä N√ÉO PODE ir para a LUA,2024-12-06,9149,1316,21,Short
36.0,ACELERANDO o PROCESSO de IDA para MARTE,2024-12-06,6923,1053,23,Short
0.0,SACANI RESPONDE [URANO E NETUNO] - Ci√™ncia Sem Fim #137,2024-12-06,0,0,0,Short
53.0,SERJ√ÉO respondeu A T√ÉO ESPERADA PERGUNTA üëΩ,2024-12-05,8724,950,42,Short
36.0,SERJ√ÉO FALA sobre ET de VARGINHA,2024-12-05,5303,626,32,Short
27.0,ESTAMOS SOZINHOS no UNIVERSO?,2024-12-05,5638,748,28,Short
55.0,OUTRA CIVILIZA√á√ÉO encontrou a NOSSA VOYAGER? üëÄ,2024-12-05,9125,1119,40,Short
4786.0,SACANI RESPONDE NA CCXP [ALIENS] - Ci√™ncia Sem Fim #280,2024-12-05,83241,6515,178,Live
35.0,COMO SERIA conviver com ALIN√çGENAS?,2024-12-05,3738,375,10,Short
39.0,SERJ√ÉO REFLETINDO sobre VIAGEM NO TEMPO,2024-12-05,4122,406,3,Short
45.0,O GOVERNO vai REVELAR EXIST√äNCIA ALIEN√çGENA,2024-12-03,35204,3651,31,Short
55.0,RONY VERNET conta CASO BIZARRO,2024-12-02,4080,387,29,Short
54.0,COISAS ESTRANHAS est√£o ACONTECENDO no ACRE,2024-12-01,7889,912,22,Short
7957.0,OS MONSTROS VERMELHOS DO JAMES WEBB - Ci√™ncia Sem Fim News #23,2024-11-30,102219,6072,131,Live
7680.0,PATRICIA LAZZAROTTO E CAROLA CARVALHO - Ci√™ncia Sem Fim #279,2024-11-29,49306,3578,38,Live
45.0,RELATO IMPRESSIONANTE sobre SERES da FLORESTA,2024-11-28,6211,567,26,Short
7535.0,SACANI RESPONDE [PROJETO SETI - BUSCA POR VIDA INTELIGENTE NO UNIVERSO] - Ci√™ncia Sem Fim #278,2024-11-28,160723,9414,190,Live
40.0,EXISTE uma CIVILIZA√á√ÉO ESCONDIDA no MAR?,2024-11-26,7995,1020,37,Short
37.0,CASOS UFOL√ìGICOS em ALDEIAS IND√çGENAS,2024-11-25,24353,2109,38,Short
46.0,SERJ√ÉO conta HIST√ìRIA INUSITADA sobre O ET de VARGINHA,2024-11-24,28425,3000,35,Short
19.0,TRUMP vai REVELAR quem M4T0U J. KENNEDY,2024-11-23,1454252,99503,893,Short
33.0,OS EUA v√£o REVELAR DOCUMENTOS SECR√âTOS,2024-11-22,9809,876,38,Short
44.0,A TEORIA mais LOUCA sobre O ET de VARGINHA,2024-11-21,9950,728,28,Short
43.0,ESSA √© A PROVA que O ET de VARGINHA √© REAL,2024-11-19,32648,2679,78,Short
53.0,O CASO mais EXTRANHO que VOC√ä VAI OUVIR HOJE!!!,2024-11-18,20735,2354,31,Short
42.0,ESSE FOI o MAIOR ERRO de EINSTEIN,2024-11-16,149929,13968,97,Short
8075.0,50 ANOS DA MENSAGEM DE ARECIBO - Ci√™ncia Sem Fim News #22,2024-11-16,79156,5380,105,Live
28.0,FOI ASSIM que DESCOBRIRAM ANDR√îMEDA,2024-11-15,178535,15030,77,Short
14070.0,ESPECIAL UFOLOGIA [COM RONY VERNET E SCHWARZA] - Ci√™ncia Sem Fim #277,2024-11-15,1060086,31069,1507,Live
25.0,VOC√ä n√£o SABIA DESSA MITOLOGIA!!!,2024-11-14,29390,2878,60,Short
21.0,ESSE √â o SIGNIFICADO de GAL√ÅXIA!!!,2024-11-14,24068,2520,30,Short
22.0,VOC√ä NASCE INTELIGENTE ou SE TORNA INTELIGENTE?,2024-11-12,9437,1079,37,Short
45.0,COMO LIDAR COM a ANSIEDADE no MEIO ACAD√äMICO?,2024-11-12,5108,576,16,Short
17.0,VALE a PENA TROCAR de FACULDADE?,2024-11-10,8123,918,5,Short
56.0,POR QUE MUITOS DESISTEM da FACULDADE de EXATAS?,2024-11-09,11067,1083,35,Short
7081.0,TUDO SOBRE O VOO 5 E 6 DO STARSHIP - Ci√™ncia Sem Fim News #21,2024-11-09,43376,3090,65,Live
34.0,POR QUE ALGUNS BRILHAM em MATEM√ÅTICA e OUTROS N√ÉO?,2024-11-08,4570,641,18,Short
20.0,O PERIGO da MINIPULA√á√ÉO de FATOS,2024-11-08,7367,959,36,Short
19.0,POR QUE √© T√ÉO DIFICIL ESTUDAR a F√çSICA QU√ÇNTICA?,2024-11-06,14583,1388,39,Short
45.0,O PASSADO est√° CAUSANDO ISSO no PRESENTE?,2024-11-05,8701,832,30,Short
43.0,CONHE√áA a TEORIA dos UNIVERSOS PARALELOS,2024-11-04,17175,2445,44,Short
37.0,A PR√ÅTICA SUPERA a TEORIA?,2024-10-31,20586,2358,22,Short
46.0,DESMISTIFICANDO a TEORIA da DUPLA FENDA,2024-10-30,23890,3403,38,Short
45.0,PRECISAMOS REFORMULAR os M√âTODOS CIENT√çFICOS?,2024-10-30,20857,1989,71,Short
46.0,PRECISAMOS de NOVOS G√äNIOS?,2024-10-28,11864,1534,50,Short
33.0,REVELA√á√ÉO astron√¥mica INCRIVEL!!!,2024-10-27,30016,3183,77,Short
29.0,DEM√ìCRITO estava CERTO?,2024-10-26,17229,2181,20,Short
28.0,COMO SURGIU a TEORIA da VIDA EXTRATERRESTRE?,2024-10-25,13556,1448,31,Short
9061.0,DANIELE HONORATO - Ci√™ncia Sem Fim #276,2024-10-25,124753,8089,302,Live
18.0,REVELA√á√ïES IN√âDITAS,2024-10-24,39402,4281,67,Short
9668.0,SACANI RESPONDE [TUDO SOBRE UFOLOGIA] - Ci√™ncia Sem Fim #275,2024-10-24,275356,15557,484,Live
37.0,√â ISSO que A MUFON FAZ,2024-10-23,15414,1677,16,Short
37.0,A TEORIA do PROFESSOR de CURSINHO,2024-10-19,28269,2338,15,Short
41.0,ESSA √â a MELHOR T√âCNICA para UM DEBATE,2024-10-17,66410,6127,101,Short
42.0,O PIOR TIPO de PROFESSOR √© ESSE,2024-10-16,13611,1317,41,Short
36.0,√â POR ISSO que MUITOS DESISTEM da FACULDADE,2024-10-15,406865,41293,1188,Short
32.0,ALUNOS EST√ÉO se DR0G4ND0 ANTES das PROVAS,2024-10-15,103905,8344,176,Short
29.0,A GERA√á√ÉO NEM-NEM,2024-10-13,185755,15671,594,Short
22.0,A TEORIA DO BIG BANG EXPLICA TUDO?,2024-10-12,52615,5058,109,Short
45.0,O UNIVERSO vai CONGELAR?,2024-10-11,190065,17448,495,Short
8771.0,QU√çMICA NO ENEM 2024 [COM MICHEL ARTHAUD - CAF√â COM QU√çMICA] - Ci√™ncia Sem Fim #274,2024-10-11,38887,2995,83,Live
54.0,ESSE SERIA o MAIOR FURAC√ÉO do S√âCULO?,2024-10-10,96045,10841,81,Short
9944.0,SACANI RESPONDE [TUDO SOBRE COSMOLOGIA] - Ci√™ncia Sem Fim #273,2024-10-10,313838,11380,123,Live
30.0,O QUE √© SER AGN√ìSTICO?,2024-10-09,8743,852,60,Short
36.0,ESSA FOI a PERGUNTA do TREZOIT√ÉO PARA o SACANI,2024-10-08,76713,6804,60,Short
31.0,VAI ROLAR o DEBATE do SACANI x SUPER XAND√ÉO?,2024-10-07,42832,3506,169,Short
28.0,O HOMEM REALMENTE PISOU na LUA?,2024-10-05,10569,944,54,Short
8733.0,BUSCANDO VIDA NO SISTEMA SOLAR - Ci√™ncia Sem Fim News #20,2024-10-05,81104,4932,57,Live
46.0,OS JUDEUS CREEM na TEORIA da EVOLU√á√ÉO?,2024-10-04,57912,3180,187,Short
15279.0,PSEUDOCI√äNCIA [COM PIRULA E FELIPE HIME] - Ci√™ncia Sem Fim #272,2024-10-04,219260,13413,698,Live
55.0,ANDR√îMEDA e VIA L√ÅCTEA v√£o COLIDIR?,2024-10-03,255665,26363,189,Short
12050.0,SACANI RESPONDE [TUDO SOBRE GAL√ÅXIAS COM FELIPE HIME] - Ci√™ncia Sem Fim #271,2024-10-03,390871,10961,155,Live
38.0,O PODERIO NUCLEAR de ISRAEL,2024-10-02,537947,37623,505,Short
39.0,VALE a PENA INVESTIR no BRASIL?,2024-10-01,20844,1724,14,Short
57.0,SERJ√ÉO REVELA SEGREDO PESSOAL NUNCA CONTADO,2024-09-30,581660,51395,586,Short
35.0,√â ASSIM que ISRAEL se PROTEGE,2024-09-29,455508,31606,566,Short
26.0,"ESSA √â a DIFEREN√áA ENTRE ISLAMISMO, JUDA√çSMO E CRISTIANISMO",2024-09-28,54459,2597,279,Short
7707.0,RAFAEL SILVA E ROBSON PARZIANELLO - Ci√™ncia Sem Fim #270,2024-09-28,29731,1762,15,Live
39.0,AS A√á√ïES DESHUMANAS do HAMAS,2024-09-27,14439,1110,133,Short
11261.0,ESPECIAL 10 ANOS INTERESTELAR [COM C√âSAR LENZI E ROBERTA DUARTE] - Ci√™ncia Sem Fim #269,2024-09-27,429944,14687,280,Live
35.0,UM ATRASO que SALVOU a CASA BRANCA,2024-09-26,10789,1006,4,Short
7015.0,ANDR√â LAJST - Ci√™ncia Sem Fim #268,2024-09-26,178265,14183,873,Live
39.0,VIVEMOS em UMA SIMULA√á√ÉO?,2024-09-24,64886,5786,107,Short
47.0,TEORIAS MALUCAS SOBRE o 11 de SETEMBRO,2024-09-23,99433,8623,178,Short
60.0,EXISTE VIDA FORA do PLANETA TERRA?,2024-09-23,697469,65649,1335,Short
46.0,ELON MUSK vai CONSEGUIR LEVAR PESSOAS para MARTE?,2024-09-22,212290,19364,372,Short
8556.0,O COMETA DO S√âCULO - Ci√™ncia Sem Fim News #19,2024-09-21,100780,8040,117,Live
59.0,√â POSSIVEL VER o NASCIMENTO de UMA ESTRELA,2024-09-20,99868,11659,94,Short
8700.0,REBECA GON√áALVES - Ci√™ncia Sem Fim #267,2024-09-20,100713,9062,199,Live
26.0,√â POSS√çVEL MODIFICAR nossas MEM√ìRIAS?,2024-09-19,94394,7779,112,Short
9521.0,SACANI RESPONDE [A VIDA DAS ESTRELAS] - Ci√™ncia Sem Fim #266,2024-09-19,205559,9274,117,Live
35.0,ESSES S√ÉO os PERIGOS das MUDAN√áAS CLIM√ÅTICAS,2024-09-18,45397,4767,62,Short
53.0,COMO T3RR0RIST4S ASSUMIRAM o BOEING 747,2024-09-17,325575,30637,340,Short
40.0,CIENTISTAS CREEM na ESPIRITUALIDADE?,2024-09-16,11387,1314,39,Short
11085.0,MIGUEL NICOLELIS - Ci√™ncia Sem Fim #265,2024-09-07,515624,21576,699,Live
10971.0,SACANI RESPONDE [ESPECIAL 11 DE SETEMBRO COM LITO SOUSA] - Ci√™ncia Sem Fim #264,2024-09-06,622084,37646,815,Live
45.0,O NOVO TRAJE DA SPACEX,2024-09-04,201190,19860,175,Short
40.0,A INCR√çVEL MISS√ÉO POLARIS DAWN,2024-09-03,34169,4741,102,Short
7539.0,"X: E AGORA, BRASIL? - Ci√™ncia Sem Fim News #18",2024-08-31,130080,10396,1233,Live
58.0,O PILOTO tem MEDO,2024-08-28,12083,1328,6,Short
52.0,AS MISTERIOSAS BOLHAS do INTERIOR da TERRA,2024-08-27,231027,23322,222,Short
40.0,EXPLORANDO a GRANDE MANCHA VERMELHA de J√öPITER,2024-08-24,71711,8572,56,Short
7315.0,TUDO SOBRE A MISS√ÉO POLARIS DAWN - Ci√™ncia Sem Fim News #17,2024-08-24,62971,5872,75,Live
39.0,JAMES WEBB e o MAPA DE GANIMEDES,2024-08-23,49175,5649,38,Short
9691.0,EMILIO E MILA [BLABLALOGIA] - Ci√™ncia Sem Fim #263,2024-08-23,61773,4457,108,Live
9867.0,SACANI RESPONDE [TERREMOTOS] Ci√™ncia Sem Fim #262,2024-08-22,133881,7355,128,Live
52.0,N√ìS QUEREMOS SABER o QUE a I.A. PENSA,2024-08-20,10216,1209,10,Short
59.0,N√ÉO SABEMOS COMO a I.A. ENCONTRA a RESPOSTA,2024-08-19,13206,1582,30,Short
54.0,I.A. sem FILTRO SERIA INSANA?,2024-08-18,21815,2300,18,Short
48.0,O MAIOR MEDO dos ASTR√îNOMOS,2024-08-16,504423,42404,424,Short
12156.0,PENA SPINELLI - Ci√™ncia Sem Fim #261,2024-08-16,172062,4835,258,Live
53.0,POR QUE n√£o VOLTAMOS para LUA AINDA?,2024-08-13,58918,7036,197,Short
48.0,OS ASTRONAUTAS que EST√ÉO PRESOS no ESPA√áO,2024-08-11,216089,22555,394,Short
46.0,AIRBUS VS BOEING,2024-08-10,393238,25574,208,Short
51.0,O FATO MAIS IMPRESSIONANTE do JAMES WEBB,2024-08-09,51868,7069,40,Short
53.0,AGORA temos uma TERRA 2.0 √† VISTA,2024-08-08,194124,22202,354,Short
49.0,ANALOGIA PERFEITA √† REPRESENTA√á√ÉO do BIG BANG,2024-08-08,15692,1868,38,Short
11547.0,EDU FALASCHI E THIAGO BIANCHI - Ci√™ncia Sem Fim #260,2024-08-03,42687,2864,177,Live
12919.0,KIKO LOUREIRO - Ci√™ncia Sem Fim #259,2024-08-02,176053,7851,233,Live
12583.0,SACANI RESPONDE [ESPECIAL 2 ANOS DO JAMES WEBB COM FELIPE HIME] - Ci√™ncia Sem Fim #258,2024-08-01,349564,8205,158,Live
38.0,ESTADOS UNIDOS e UNI√ÉO SOVI√âTICA JUNTOS no ESPA√áO,2024-07-31,48498,6415,55,Short
49.0,POR que VOLTAR para a LUA HOJE,2024-07-30,109365,13161,274,Short
25.0,O HOMEM n√£o FOI a LUA?,2024-07-29,496949,55039,1724,Short
42.0,A FRIEZA de NEIL ARMSTRONG,2024-07-28,32863,5338,49,Short
29.0,ONDE COME√áA o ESPA√áO?,2024-07-27,230888,25125,132,Short
9705.0,O BRASIL FOI PARA O ESPA√áO - Ci√™ncia Sem Fim News #16,2024-07-27,54397,3662,108,Live
46.0,A GUERRA ESPACIAL √© REAL,2024-07-26,43350,5927,27,Short
9513.0,MAURO JUCEWICZ E JU STECK [PILOTOS DE AVI√ÉO] - Ci√™ncia Sem Fim #257,2024-07-26,55800,3862,77,Live
37.0,A VERDADE sobre O GRANDE FILTRO,2024-07-25,56679,7340,94,Short
9720.0,SACANI RESPONDE [ESPECIAL 55 ANOS MISS√ÉO APOLLO 11] - Ci√™ncia Sem Fim #256,2024-07-25,334455,9601,414,Live
44.0,3 TIPOS de CIVILIZA√á√ïES no UNIVERSO,2024-07-24,25074,3757,29,Short
38.0,ALGUMA CIVILIZA√á√ÉO vai NOS ACHAR??,2024-07-23,14489,2159,21,Short
53.0,AS CHANCES da HUMANIDADE ACABAR s√£o...,2024-07-22,34288,4587,56,Short
52.0,A ERA NUCLEAR ainda N√ÉO ACABOU,2024-07-21,403919,42804,385,Short
45.0,QUANDO vamos ENCONTRAR outra CIVILIZA√á√ÉO?,2024-07-20,23890,3348,62,Short
52.0,A HIP√ìTESE do GRANDE FILTRO,2024-07-19,14232,2088,29,Short
1044.0,ESTAMOS perto da SEXTA EXTIN√á√ÉO EM MASSA ???,2024-07-18,68811,6529,252,Live
45.0,AS FLORESTAS NEGRAS DENTRO da TERRA,2024-07-18,44343,5670,54,Short
23.0,O GRANDE DILEMA da FLORESTA NEGRA,2024-07-17,11920,1870,31,Short
33.0,SERJ√ÉO e PEDRO LOOS no FUTURO...,2024-07-16,27313,3916,49,Short
25.0,A VERDADEIRA IDADE da LUA,2024-07-15,54708,6021,85,Short
48.0,O FUTURO da EXPLORA√á√ÉO ESPACIAL,2024-07-14,27676,3439,48,Short
27.0,SERJ√ÉO ANDANDO de TESLA,2024-07-13,52446,4675,48,Short
42.0,SERJ√ÉO vs HOR√ìSCOPO,2024-07-12,15398,2222,13,Short
2940.0,FALCON 9 - STARLINK GROUP 9-3 - Lan√ßamento Sem Fim #76,2024-07-12,10752,1196,15,Live
702.0,ONDE est√° TODO MUNDO? | TRAG√âDIAS CIENT√çFICAS #03,2024-07-11,41366,4872,142,Live
32.0,QUAL SER√Å a ORIGEM da VIDA?,2024-07-11,34809,4272,175,Short
33.0,PEDRO LOOS e SUA PRINCIPAL MENSAGEM,2024-07-10,15019,1894,11,Short
4598.0,INAUGURAL DO ARIANE 6 - Lan√ßamento Sem Fim #75,2024-07-09,11692,1541,14,Live
20.0,O FUTURO da VIA L√ÅCTEA,2024-07-09,221677,31615,699,Short
11945.0,FALCON 9 - MISS√ÉO T√úRKSAT 6 - Lan√ßamento Sem Fim #74,2024-07-09,16454,1907,6,Live
26.0,A TRETA entre EINSTEIN e NIELS BOHR,2024-07-08,14819,1518,6,Short
37.0,A VIDA ANTES do RAIO X,2024-07-07,170635,12568,79,Short
20.0,PARA que EXISTE o TELESC√ìPIO JAMES WEBB,2024-07-06,615230,72496,3067,Short
25.0,A F√çSICA QUANTICA em OPPENHEIMER,2024-07-05,18150,1880,6,Short
640.0,"J√Å ESTAMOS EXPOSTOS, porque... | TRAG√âDIAS CIENT√çFICAS #02",2024-07-04,37129,4581,179,Live
26.0,O N√öCLEO da TERRA est√° DESACELERANDO,2024-07-04,21272,2696,18,Short
28.0,A DIVIS√ÉO INTERNA do PLANETA TERRA,2024-07-03,53705,5137,78,Short
20.0,O ASTEROIDE que MATOU os DINOSSAUROS,2024-07-02,520543,50945,1175,Short
22.0,PILOTOS de TESTE da √ÅREA 51,2024-07-01,17638,2021,6,Short
58.0,O DIA do ASTEROIDE,2024-06-30,55025,6974,62,Short
54.0,O VERDADEIRO SONHO do ELON MUSK,2024-06-29,83180,10555,109,Short
6706.0,ASTEROID DAY - Ci√™ncia Sem Fim News #15,2024-06-29,64789,4463,52,Live
45.0,A GRANA do SETOR ESPACIAL EST√Å a√≠,2024-06-28,298359,0,431,Short
8566.0,CI√äNC.IA [ERA CONVERSACIONAL | BLIP] - Ci√™ncia Sem Fim #255,2024-06-28,35049,2521,33,Live
13596.0,SACANI RESPONDE [F√çSICA QU√ÇNTICA COM JO√ÉO JOTA E C√âSAR LENZI] - Ci√™ncia Sem Fim #254,2024-06-27,827588,14808,399,Live
39.0,AS FOR√áAS que MANDAM no UNIVERSO,2024-06-26,36732,4842,48,Short
55.0,CANIBALISMO GALACTICO e como ACONTECE,2024-06-25,48408,6499,65,Short
39.0,GAL√ÅXIAS s√£o CANIBAIS,2024-06-24,28638,3692,40,Short
29.0,"JARARACA vs CASCAVEL, QUAL a MAIS PERIGOSA?",2024-06-23,31729,3140,25,Short
29.0,COMO as COBRAS comem ANIMAIS,2024-06-22,114812,9974,38,Short
8208.0,SACANI RESPONDE [ROVER MARCIANO OPPORTUNITY] - Ci√™ncia Sem Fim #253,2024-06-22,259308,10258,237,Live
44.0,A COBRA mais VENENOSA do BRASIL,2024-06-21,135848,13930,111,Short
53.0,SERJ√ÉO quase FICOU PRESO nos EUA,2024-06-20,46409,5173,38,Short
59.0,AS COBRAS est√£o REALMENTE INVADINDO as CIDADES?,2024-06-19,262660,22279,314,Short
10277.0,FELIPE HIME & SAPIENS CHAT - Ci√™ncia Sem Fim #252,2024-06-19,67232,4567,173,Live
25.0,COMO SABER se UMA COBRA √â ou N√ÉO √â VENENOSA?,2024-06-18,24082,2630,29,Short
35.0,A COBRA CASCAVEL pelo BRASIL,2024-06-17,207743,12478,199,Short
33.0,A MAIOR COBRA do MUNDO,2024-06-16,239855,21008,311,Short
54.0,COMO √© FEITO o SORO ANTIOF√çDICO?,2024-06-15,805164,71100,525,Short
8602.0,A VOYAGER VOLTOU!!! - Ci√™ncia Sem Fim News #14,2024-06-15,123075,8633,188,Live
23.0,COMPLICADA essa COBRA ai...,2024-06-14,37762,3286,40,Short
10640.0,CLAUDIO MACHADO - Ci√™ncia Sem Fim #251,2024-06-14,161694,6113,229,Live
33.0,AS PIORES PROFISS√ïES para QUEM se APOSENTA,2024-06-13,57650,5155,32,Short
16.0,SERJ√ÉO usa I.A. para RESPONDER COMENT√ÅRIOS,2024-06-12,94385,9659,38,Short
48.0,ISSO MUDOU as REDES SOCIAIS para SEMPRE,2024-06-11,10526,838,6,Short
45.0,SEQUESTRANDO o CO2 da ATMOSFERA,2024-06-10,27757,3628,36,Short
57.0,O PROBLEMA dos CARROS EL√âTRICOS HOJE,2024-06-09,48939,5314,109,Short
21.0,POR QUE MORAR PERTO de VULC√ïES??,2024-06-08,520296,49929,176,Short
51.0,DEPUTADOS n√£o CONSEGUEM falar de CI√äNCIA,2024-06-07,39712,4593,118,Short
6105.0,ESPECIAL STARSHIP - DIRETO DO TEXAS [COM PEDRO PALLOTTA] - Ci√™ncia Sem Fim News #13,2024-06-07,62791,4972,66,Live
43.0,E se CONHECERMOS OUTRA CIVILIZA√á√ÉO PLANET√ÅRIA??,2024-06-06,18865,3043,49,Short
5946.0,ESPECIAL STARLINER - DIRETO DO TEXAS [COM PEDRO PALLOTTA] - Ci√™ncia Sem Fim News #12,2024-06-06,44013,3521,26,Live
24.0,COMO aconteceu o FIM dos DINOSSAUROS?,2024-06-05,29677,2901,18,Short
30.0,PORQUE PLUT√ÉO n√£o √â mais PLANETA??,2024-06-04,28734,3571,13,Short
23.0,METEORO vs LIXO ESPACIAL,2024-06-03,447143,41846,238,Short
17.0,MAT√âRIA ESCURA existe MESMO??,2024-06-02,43292,6382,62,Short
21.0,COMO SURGIU o UNIVERSO?,2024-06-01,428181,33880,941,Short
30.0,E SE um METEORO cair NA TERRA??,2024-05-31,56749,6195,40,Short
35.0,O AEROPORTO mais INCR√çVEL que EXISTIU,2024-05-30,45372,2899,8,Short
25.0,UMA LANTERNA de OUTRA GAL√ÅXIA,2024-05-29,88866,8474,50,Short
868.0,E SE a TERRA ESTIVESSE em um PROBLEMA¬†dos¬†03¬†CORPOS? | TRAG√âDIAS CIENT√çFICAS¬†#01,2024-05-28,71494,9312,356,Live
22.0,O PROBLEMA dos COMETAS √©...,2024-05-28,29671,3324,20,Short
44.0,OS AVI√ïES ser√£o TODOS ASSIM,2024-05-27,91106,9426,169,Short
41.0,USANDO o SOL como UM GRANDE TELESC√ìPIO,2024-05-26,99845,10737,55,Short
54.0,ENERGIA de FORMA ETERNA e SUSTENT√ÅVEL,2024-05-25,63077,8724,133,Short
7780.0,ENCONTRAMOS A TERRA 2.0? - Ci√™ncia Sem Fim News #11,2024-05-25,190029,11911,200,Live
56.0,UM BRASILEIRO e UM AMERICANO na COREIA DO NORTE,2024-05-24,41685,4014,54,Short
10578.0,"SACANI RESPONDE [ASTEROIDE, METEORO E METEORITO] - Ci√™ncia Sem Fim #250",2024-05-24,552233,11686,221,Live
48.0,COMO FUNCIONAM as MUDAN√áAS CLIM√ÅTICAS,2024-05-23,37104,5311,102,Short
35.0,O ACIDENTE A√âREO do CORINTHIANS em 1996,2024-05-22,74651,3941,20,Short
50.0,RS foi ALERTADO um dia ANTES,2024-05-21,40929,5807,69,Short
36.0,SERJ√ÉO tem MEDO de TURBUL√äNCIA,2024-05-20,52306,6727,81,Short
50.0,O que ACONTECEU no RIO GRANDE do SUL?,2024-05-19,168356,17480,192,Short
54.0,O BRASIL DESMATOU muito A AMAZ√îNIA,2024-05-18,324538,33945,1227,Short
41.0,PORTO ALEGRE sem AEROPORTO at√© QUANDO??,2024-05-17,321720,21295,379,Short
11390.0,GIANFRANCO PANDA - Ci√™ncia Sem Fim #249,2024-05-17,224187,12488,491,Live
56.0,CONVEN√á√ïES de CLIMA est√£o FADADAS ao FRACASSO!,2024-05-16,21030,1947,68,Short
8897.0,SACANI RESPONDE [MUDAN√áAS CLIM√ÅTICAS COM PAULO ARTAXO] - Ci√™ncia Sem Fim #248,2024-05-16,140214,8422,421,Live
33.0,O LUGAR mais PERIGOSO pra se MORAR,2024-05-15,40540,4820,25,Short
45.0,EXPLOS√ïES SOLARES causam TERREMOTOS?,2024-05-14,40592,5144,26,Short
58.0,COMO POMPEIA foi DESTRU√çDA?,2024-05-13,706560,66924,384,Short
28.0,CARL SAGAN mandou NOSSO ENDERE√áO PARA os ALIENS??,2024-05-12,46957,4518,75,Short
38.0,AURORAS no MUNDO TODO!,2024-05-11,61669,6838,64,Short
7726.0,√â O FIM DO MUNDO? SER√Å O √öLTIMO PROGRAMA? - Ci√™ncia Sem Fim News #10,2024-05-11,223103,13770,339,Live
41.0,QUANTOS VULC√ïES ATIVOS tem NA TERRA?,2024-05-10,354248,31206,203,Short
12457.0,NOTURNALL - Ci√™ncia Sem Fim #247,2024-05-10,51454,3215,57,Live
35.0,A VERDADE SOBRE os GRANDES FEITOS da CI√äNCIA,2024-05-09,192912,22503,111,Short
9050.0,SACANI RESPONDE [EUROPA] - Ci√™ncia Sem Fim #246,2024-05-09,342166,14826,228,Live
48.0,CARL SAGAN e A DIVULGA√á√ÉO da CI√äNCIA,2024-05-08,173102,20369,182,Short
9312.0,LUIZ SANTOS E ANDERSON BARALDO [H2O.ai] - Ci√™ncia Sem Fim #245,2024-05-08,39205,2357,23,Live
55.0,NINGU√âM √© IMPARCIAL na HIST√ìRIA,2024-05-07,29137,2588,49,Short
7736.0,ROSALY LOPES [NASA] [LIVE SOLID√ÅRIA] - Ci√™ncia Sem Fim #244,2024-05-06,115714,10180,315,Live
39.0,A TERRA tem DUAS LUAS???,2024-05-06,364077,34035,293,Short
14.0,COMO ELON MUSK ganha DINHEIRO com A SPACE X ?,2024-05-05,452667,50657,274,Short
22.0,O que ACONTECE quando UMA ESTRELA MORRE?,2024-05-04,47309,6104,57,Short
51.0,"MILITARES, ESQUERDA e DIREITA UNIDOS",2024-05-03,22520,2394,43,Short
35.0,A HEGEMONIA MAR√çTIMA de PORTUGAL,2024-05-02,35563,2724,64,Short
7152.0,SAMY DANA - Ci√™ncia Sem Fim #243,2024-05-02,107051,8952,324,Live
58.0,S√ì EXISTIU uma GUERRA MUNDIAL?,2024-05-01,636215,67460,408,Short
21.0,PARA que SERVEM os NOVOS TELESC√ìPIOS,2024-04-30,45939,4326,22,Short
40.0,PODER MAR√çTIMO √© PODER GLOBAL!,2024-04-29,17612,1695,61,Short
44.0,QUAL √© O PLANETA mais PR√ìXIMO da TERRA?,2024-04-28,3752506,306168,1506,Short
30.0,O que √â o MERC√öRIO RETR√ìGRADO?,2024-04-27,82547,9712,38,Short
7617.0,ARANHAS EM MARTE - Ci√™ncia Sem Fim News #09,2024-04-27,123695,9998,130,Live
42.0,TIRADENTES lutou PELO QUE?,2024-04-26,29925,2473,52,Short
10267.0,CAMILE VILELA - Ci√™ncia Sem Fim #242,2024-04-26,67008,4698,103,Live
22.0,EXPLICA√á√ÉO sobre TEORIA da RELATIVIDADE,2024-04-25,55804,6837,82,Short
8482.0,SACANI RESPONDE [MERC√öRIO] - Ci√™ncia Sem Fim #241,2024-04-25,266662,11763,218,Live
31.0,COMO os √ÅRABES viam AS  CRUZADAS,2024-04-24,145406,11139,603,Short
26.0,QUAL FOI o TAMANHO M√ÅXIMO do IMP√âRIO ROMANO?,2024-04-23,80986,7467,123,Short
643.0,Os BASTIDORES do CI√äNCIA SEM FIM no TEATRO,2024-04-23,35798,3109,168,Live
21.0,COMO as I.As. PODEM nos AJUDAR HOJE,2024-04-22,21774,1320,21,Short
31.0,POUCOS USAM I.A. do JEITO CERTO,2024-04-22,12995,841,13,Short
45.0,I.A. AJUDANDO a CANTINA da PUC do RJ,2024-04-20,67036,6792,58,Short
9707.0,ESPECIAL SISTEMA SOLAR - Ci√™ncia Sem Fim News #08,2024-04-20,535385,16634,235,Live
26.0,O RISCO de USAR o SUCO,2024-04-19,20924,1241,7,Short
14581.0,"I.A. RESPONDE [S√âRGIO, KENAUM, FABR√çCIO E CHAT] - Ci√™ncia Sem Fim #240",2024-04-19,107407,6698,95,Live
51.0,SERJ√ÉO j√° foi VICIADO em...,2024-04-18,21910,2487,19,Short
32.0,ISSO √© IMPOSS√çVEL na BIOLOGIA,2024-04-17,78660,9230,62,Short
11756.0,THIAGO BRAGA - Ci√™ncia Sem Fim #239,2024-04-17,696385,36872,3875,Live
40.0,A CHINA vai MANDAR um ASTRONAUTA pra LUA,2024-04-16,1138071,104572,2534,Short
20.0,DE ONDE VEIO a VIDA na TERRA?,2024-04-15,8165,675,11,Short
36.0,POR QUE EXISTE o ENEM?,2024-04-14,16519,1411,30,Short
21.0,QUAL o MOTIVO de SE FAZER CI√äNCIA,2024-04-13,40951,4448,36,Short
7703.0,ARCO-√çRIS EM EXOPLANETA - Ci√™ncia Sem Fim News #07,2024-04-13,68007,6668,95,Live
27.0,COMO o DOMINGOS faz SEUS EXPERIMENTOS?,2024-04-12,64899,7296,36,Short
11473.0,VITOR SOARES [HIST√ìRIA EM MEIA HORA] - Ci√™ncia Sem Fim #238,2024-04-12,136369,6957,216,Live
30.0,QUAL o TAMANHO de UM ECLIPSE TOTAL do SOL ?,2024-04-11,55193,4946,35,Short
12536.0,LUIZ AUGUSTO D'URSO - Ci√™ncia Sem Fim #237,2024-04-11,48597,3835,156,Live
24.0,QUAL o MAIOR BURACO NEGRO CONHECIDO?,2024-04-10,86623,8278,88,Short
14.0,QUAL FASE da LUA ACONTECE o ECLIPSE SOLAR?,2024-04-09,61894,5933,17,Short
31.0,VENDO um ECLIPSE em TEMPOS ANTIGOS,2024-04-08,200704,18356,173,Short
47.0,S√âRGIO SACANI amea√ßa P√öBLICO,2024-04-07,45109,4386,82,Short
27.0,EINSTEIN previu ISSO,2024-04-06,84251,8843,67,Short
46.0,SERJ√ÉO EXPLICA o PROBLEMA dos 3 CORPOS,2024-04-05,311554,31501,274,Short
33.0,O SUPERVULC√ÉO que FICAVA no BRASIL!,2024-04-04,53804,6767,103,Short
7068.0,SACANI RESPONDE [ECLIPSE SOLAR TOTAL] - Ci√™ncia Sem Fim #236,2024-04-04,183549,13213,230,Live
48.0,ENT√ÉO os OVNIS s√£o REAIS?,2024-04-03,13381,1026,21,Short
48.0,AS M√ÅQUINAS v√£o DOMINAR o MUNDO?,2024-04-02,17209,1213,18,Short
44.0,A SIMPLES EXPLICA√á√ÉO sobre A GRAVIDADE,2024-04-01,3011715,288331,4146,Short
39.0,SERJ√ÉO MANDA RECADO para O PABLO MAR√áAL,2024-03-31,76701,3077,77,Short
42.0,AGRADE√áA as FOR√áAS ARMADAS PELA sua INTERNET,2024-03-30,22574,2374,82,Short
35.0,As VANTAGENS do PYTHON,2024-03-29,10553,915,24,Short
35.0,QUAL a ORIGEM da VIDA??,2024-03-28,713839,72284,2102,Short
38.0,N√ÉO CONSEGUIMOS mais ARMAZENAR DADOS,2024-03-27,134322,16006,86,Short
14.0,POR QUE o BRASIL n√£o TEM VULC√ïES?,2024-03-26,3224980,314573,2010,Short
28.0,QUAL a MELHOR LINGUAGEM de PROGRAMA√á√ÉO??,2024-03-25,86346,7032,91,Short
29.0,O VULC√ÉO que ATRAI mais ALPINISTAS!!,2024-03-24,100268,11201,43,Short
24.0,A DIFICULDADE da CI√äNCIA de DADOS,2024-03-23,44000,4444,30,Short
11477.0,A NASA TEM GRANA INFINITA? - Ci√™ncia Sem Fim News #06,2024-03-23,491824,8575,200,Live
22.0,A LINGUAGEM de PROGRAMA√á√ÉO PREFERIDA do SERJ√ÉO,2024-03-22,16224,1479,12,Short
8691.0,FL√ÅVIO LANDIM - Ci√™ncia Sem Fim #235,2024-03-22,92925,5752,196,Live
27.0,ESTRELA de NEUTRONS x BURACO NEGRO,2024-03-21,21939,2525,24,Short
10949.0,DOMINGOS DOS SANTOS - Ci√™ncia Sem Fim #234,2024-03-21,1775618,109365,4592,Live
49.0,RETIRANDO a ENERGIA de UMA ESTRELA,2024-03-20,147705,18188,154,Short
27.0,COMO s√£o NOMEADOS os FOGUETES da BLUE ORIGIN,2024-03-19,11895,1322,10,Short
48.0,STARBASE e a DIVISA COM o M√âXICO,2024-03-18,14569,1331,5,Short
28.0,JAMES WEBB e as ESTRELAS!,2024-03-17,16491,1745,19,Short
20.0,E se EXISTIR VIDA em MARTE?,2024-03-16,2237873,190939,2054,Short
33.0,"SIM, ISSO vai AFERTAR J√öPITER",2024-03-15,251391,24953,409,Short
38.0,AS GAL√ÅXIAS que ILUMINARAM o UNIVERSO,2024-03-14,62797,7076,75,Short
27.0,EXPLICA√á√ÉO CIENT√çFICA sobre SOTAQUE,2024-03-13,43316,4034,70,Short
49.0,A FITA do ET de VARGINHA,2024-03-12,53933,4807,105,Short
59.0,NASA vai CANCELAR contrato com SPACE X e BLUE ORIGIN?,2024-03-11,21948,1365,8,Short
38.0,JAMES WEBB vai ENCONTRAR VIDA em EXOPLANETAS?,2024-03-10,24854,2846,19,Short
21.0,A PROMESSA da CHINA pousar na LUA mp4,2024-03-09,22333,1890,19,Short
48.0,O PLANETA MAIS QUENTE do SISTEMA SOLAR,2024-03-08,41812,5394,45,Short
50.0,COMO SURGIU a ASTROLOGIA?,2024-03-07,16232,2027,33,Short
52.0,A RAZ√ÉO de INTERESTELAR ser T√ÉO BOM!,2024-03-06,20192,1741,25,Short
43.0,N√ìS FOMOS PARA a LUA SIM!,2024-03-05,123869,17811,531,Short
33.0,POR QUE um ASTER√ìIDE DESTRUIU os DINOSSAUROS?,2024-03-04,1907603,155619,1770,Short
36.0,SERJ√ÉO n√£o ACREDITA NISSO!,2024-03-03,21240,1980,81,Short
30.0,BURACO de MINHOCA EXISTE SIM,2024-03-02,156719,20105,143,Short
8302.0,JAMES WEBB DESCOBRE O QUE ILUMINOU O UNIVERSO - Ci√™ncia Sem Fim News #05,2024-03-02,244434,9908,212,Live
27.0,OVNIS em LONDRINA,2024-03-01,25874,1412,46,Short
12390.0,STARSHIP [COM PEDRO PALLOTTA] - Ci√™ncia Sem Fim #233,2024-03-01,366808,7405,85,Live
48.0,Os GOLPES de IA que o REZENDE SOFREU,2024-02-29,11702,674,8,Short
26.0,O CASO UFOL√ìGICO mais MIST√âRIOSO,2024-02-28,15787,979,22,Short
22.0,A NASA vai CONFISCAR a STARSHIP ?,2024-02-27,579474,44341,820,Short
34.0,AONDE EST√Å a FITA do ET de VARGINHA??,2024-02-26,41274,2410,81,Short
34.0,VIDA no SISTEMA SOLAR,2024-02-25,123031,9420,60,Short
26.0,O QUE √â um OVNI??,2024-02-25,7781,514,10,Short
25.0,A UFOLOGIA DEVERIA ser OBRIGAT√ìRIA,2024-02-24,9621,486,19,Short
7068.0,O OBJETO MAIS BRILHANTE DO UNIVERSO - Ci√™ncia Sem Fim News #04,2024-02-24,211529,8430,229,Live
60.0,EXPLOS√ïES SOLARES,2024-02-23,36257,3409,40,Short
9842.0,REZENDE - Ci√™ncia Sem Fim #232,2024-02-23,68533,4638,101,Live
6137.0,POUSO NA LUA DO ODYSSEUS DA INTUITIVE MACHINES - Plant√£o Sem Fim #11,2024-02-22,67875,3836,146,Live
20.0,O BRILHO das GAL√ÅXIAS,2024-02-22,20197,1924,14,Short
28.0,DE QUEM √â o PETR√ìLEO no BRASIL?,2024-02-21,1345196,144957,1595,Short
33.0,ESQUE√áAM as EXPLOS√ïES SOLARES,2024-02-20,279428,27460,374,Short
30.0,A TEORIA ABSURDA dos TERRAPLANISTAS,2024-02-19,74950,5390,135,Short
4303.0,ELECTRON - ON CLOSER INSPECTION - Lan√ßamento Sem Fim #73,2024-02-18,17715,1332,18,Live
31.0,A SOLU√á√ÉO da √çNDIA CONTRA a FOME,2024-02-18,14886,1746,25,Short
50.0,A MORTE de uma ESTRELA,2024-02-17,17336,1981,15,Short
3888.0,INDIANO - GSLV-F14 - INSAT-3DS - Lan√ßamento Sem Fim #72,2024-02-17,12648,978,20,Live
43.0,Os PROBLEMAS da TERRA PLANA,2024-02-16,19440,1774,178,Short
14931.0,EDISON BOAVENTURA E JOSEF PRADO [COM SCHWARZA] - Ci√™ncia Sem Fim #231,2024-02-16,364568,16494,1386,Live
3603.0,FALCON 9 - STARLINK 7-14 - Lan√ßamento Sem Fim #71,2024-02-15,11026,1150,15,Live
46.0,SONDAS ESPACIAIS gravam V√çDEOS?,2024-02-15,1444234,137674,1020,Short
3129.0,FALCON 9 - IM-1 - NOVA-C - ODYSSEUS PARA A LUA - Lan√ßamento Sem Fim #70,2024-02-15,11456,899,10,Live
4376.0,SOYUZ 2.1A - PROGRESS MS-26 - Lan√ßamento Sem Fim #69,2024-02-15,13021,1037,4,Live
55.0,QUAL o MELHOR TELESC√ìPIO do MUNDO?,2024-02-14,44024,4367,16,Short
58.0,O RISCO das EXPLOS√ïES SOLARES,2024-02-13,20975,1637,16,Short
43.0,As GAL√ÅXIAS do IN√çCIO do UNIVERSO,2024-02-12,20065,2195,60,Short
58.0,TECNOLOGIAS ESPACIAIS no DIA a DIA,2024-02-11,16604,1258,7,Short
47.0,O PROBLEMA do LIXO ESPACIAL,2024-02-10,20864,1717,4,Short
60.0,O NOVO MASCOTE do CI√äNCIA SEM FIM,2024-02-09,42948,4896,61,Short
4870.0,SPLASHDOWN MISS√ÉO AXIOM 3 - O RETORNO DOS ASTRONAUTAS - Plant√£o Sem Fim #10,2024-02-09,16735,1677,18,Live
1596.0,FALCON 9 - STARLINK 7-13 (HOJE VAI?) - Lan√ßamento Sem Fim #68,2024-02-09,14099,912,12,Live
47.0,"SIM, a LUA EST√Å ENCOLHENDO",2024-02-08,152584,17072,183,Short
8054.0,UM NOVO OCEANO NO SISTEMA SOLAR - Ci√™ncia Sem Fim News #03,2024-02-08,263709,7536,154,Live
3249.0,UNDOCKING AX-3 - ASTRONAUTAS VOLTANDO PRA CASA!!! - Plant√£o Sem Fim #09,2024-02-07,9321,810,10,Live
50.0,A TERRA √© um GLOBO???,2024-02-07,311590,18963,929,Short
2258.0,FOGUETE FALCON 9 - STARLINK GRUPO 7-13 - Lan√ßamento Sem Fim #67,2024-02-07,4591,489,4,Live
8606.0,QUAL O MELHOR TELESC√ìPIO? | Semana do Telesc√≥pio 2024,2024-02-07,26956,1498,34,Live
52.0,O DESABAFO de um EX-TERRAPLANISTA,2024-02-06,51576,2540,265,Short
9227.0,COMO OBSERVAR O C√âU COM UM TELESC√ìPIO? | Semana do Telesc√≥pio 2024,2024-02-06,69898,2436,26,Live
45.0,O PROBLEMA da RELIGI√ÉO e das SEITAS,2024-02-05,57552,5286,502,Short
45.0,INTELIGENCIA ARTIFICIAL muito IMPRESSIONANTE,2024-02-04,9638,574,5,Short
56.0,O MAIOR ACIDENTE da HIST√ìRIA,2024-02-03,15966,1622,13,Short
7466.0,O UNIVERSO N√ÉO NASCEU PRONTO - Ci√™ncia Sem Fim News #02,2024-02-03,179534,6873,253,Live
35.0,VOC√ä IRIA PARA a LUA?,2024-02-02,8891,1052,28,Short
58.0,As REFER√äNCIAS HIST√ìRICAS DE TOLKIEN,2024-02-01,4959,347,3,Short
10461.0,CL√ÅUDIA MEDEIROS - Ci√™ncia Sem Fim #230,2024-02-01,78465,3812,102,Live
32.0,A PR√ìXIMA MISS√ÉO PARA LUA,2024-01-31,8898,819,16,Short
4525.0,FOGUETE ELECTRON - FOUR OF A KIND - Lan√ßamento Sem Fim #66,2024-01-31,10710,921,31,Live
53.0,SUPERVULC√ïES,2024-01-30,6138,658,6,Short
38.0,O QUE √â A AURORA BOREAL,2024-01-29,15457,1206,30,Short
3919.0,FOGUETE FALCON 9 - STARLINK 7-12 - Lan√ßamento Sem Fim #65,2024-01-29,10227,869,15,Live
3182.0,FOGUETE FALCON 9 - STARLINK 6-38 - Lan√ßamento Sem Fim #64,2024-01-29,27719,2003,28,Live
7029.0,ADEUS INGENUITY - Ci√™ncia Sem Fim News #01,2024-01-27,80891,5444,99,Live
32.0,V√çDEO do ET de VARGINHA,2024-01-26,115557,8225,475,Short
11994.0,√â O FIM DA TERRA PLANA? [COM LEANDRO BATISTA E EDUARDO SISTEM√ÅTICO] - Ci√™ncia Sem Fim #229,2024-01-26,392714,17579,4254,Live
53.0,ISSO ACABA com a TERRAPLANA,2024-01-25,7152,732,37,Short
8658.0,CARLOS MELO - Ci√™ncia Sem Fim #228,2024-01-25,101236,6180,191,Live
40.0,VULC√ÉO no BRASIL ???,2024-01-24,11459,1141,13,Short
59.0,SERJ√ÉO e INUTILISMO sobre INTELIG√äNCIA ARTIFICIAL,2024-01-23,6376,506,11,Short
59.0,IBER√ä conhecendo a MARI,2024-01-22,11053,854,9,Short
3623.0,FALCON 9 TRIPULADO - MISS√ÉO AXIOM 3 - 4 ASTRONAUTAS PARA A ISS - Lan√ßamento Sem Fim #63,2024-01-18,32521,2002,38,Live
3876.0,ATUALIZA√á√ÉO DA NASA SOBRE O PROGRAMA ARTEMIS - Plant√£o Sem Fim #08,2024-01-09,23661,1633,58,Live
10930.0,AURORAS E VULC√ïES [COM FELIPE HIME] - Ci√™ncia Sem Fim #227,2024-01-09,101621,6024,106,Live
6329.0,FOGUETE VULCAN  - MISS√ÉO PEREGRINE PARA A LUA - Lan√ßamento Sem Fim #62,2024-01-08,32398,2126,66,Live
8398.0,SACANI RESPONDE [VULC√ïES] - Ci√™ncia Sem Fim #226,2024-01-04,862691,21820,661,Live
2423.0,FALCON 9 - OVZON-3 - Lan√ßamento Sem Fim #61,2024-01-03,17109,1484,12,Live
7899.0,FALCON 9 - STARLINK 7-9 - Lan√ßamento Sem Fim #60,2024-01-03,48989,3582,16,Live
8136.0,ACONTECIMENTOS CIENT√çFICOS 2024 - Ci√™ncia Sem Fim #225,2024-01-03,133886,7705,106,Live
9231.0,RETROSPECTIVA 2023 - Ci√™ncia Sem Fim #224,2023-12-30,154717,7187,150,Live
3706.0,FALCON 9 - STARLINK GROUP 6-36 - Lan√ßamento Sem Fim #59,2023-12-29,29051,1675,19,Live
3031.0,"FALCON HEAVY - X-37B, A NAVE SECRETA DOS EUA - Lan√ßamento Sem Fim #58",2023-12-29,40121,2935,35,Live
8260.0,√öLTIMA PESAGEM 2023 [PROJETO 120 DIAS] - Ci√™ncia Sem Fim #223,2023-12-23,172481,15561,352,Live
2758.0,FALCON 9 - STARLINK GRUPO 6-34 - SEGUNDA TENTATIVA - Lan√ßamento Sem Fim #57,2023-12-19,18103,1481,10,Live
6249.0,VULC√ÉO EM ERUP√á√ÉO NA ISL√ÇNDIA - AO VIVO!!! - Plant√£o Sem Fim #09,2023-12-19,67961,4457,41,Live
3985.0,FALCON 9 - STARLINK GROUP 6-34 - PRIMEIRA TENTATIVA - Lan√ßamento Sem Fim #56,2023-12-13,17815,1306,41,Live
10380.0,FERNANDO DE BORTHOLE - Ci√™ncia Sem Fim #222,2023-12-08,150518,7335,122,Live
3336.0,FALCON 9 - STARLINK 6-33 - Lan√ßamento Sem Fim #55,2023-12-07,14405,1300,15,Live
9017.0,Q* E A GRANDE REVOLU√á√ÉO DA IA [COM √ÅLVARO MACHADO DIAS] - Ci√™ncia Sem Fim #221,2023-12-07,131857,5431,146,Live
11501.0,ANGRA - Ci√™ncia Sem Fim #220,2023-12-06,106581,6840,112,Live
14526.0,GUILHERME FREIRE - Ci√™ncia Sem Fim #219,2023-12-01,372943,23089,1667,Live
8363.0,MARCELO MARAGNI - Ci√™ncia Sem Fim #218,2023-11-29,27738,2137,45,Live
2193.0,FALCON 9 - STARLINK GRUPO 6-30 - Lan√ßamento Sem Fim #54,2023-11-28,21800,1589,21,Live
8881.0,RODRIGO G√ìES - Ci√™ncia Sem Fim #217,2023-11-25,439796,24841,398,Live
10222.0,ESPECIAL SIRIUS E ILUM - Ci√™ncia Sem Fim #216,2023-11-24,98086,6440,134,Live
9692.0,CARLOS TRAMONTINA - Ci√™ncia Sem Fim #215,2023-11-23,40305,3018,76,Live
10230.0,PAULO E GUILHERME [ALURA] - Ci√™ncia Sem Fim #214,2023-11-22,29281,2155,46,Live
5256.0,STARSHIP | VOO DE TESTE AO VIVO! ESTAMOS NO TEXAS!!! - Lan√ßamento Sem Fim #53,2023-11-18,101830,8751,148,Live
1795.0,STARSHIP DIRETO DO GOLFO DO M√âXICO!!! - PR√â-LAN√áAMENTO,2023-11-18,22089,1363,86,Live
3887.0,SPACE TODAY VAI LAN√áAR UM LIVRO!,2023-11-13,15492,1571,30,Live
2934.0,FALCON 9 - MISS√ÉO O3B MPOWER 6 & 6 - Lan√ßamento Sem Fim #52,2023-11-12,18945,1984,22,Live
9915.0,PROF. MICHEL E PROF. FERRETTO - Ci√™ncia Sem Fim #213,2023-11-11,96465,5078,136,Live
9754.0,IBER√ä THEN√ìRIO - Ci√™ncia Sem Fim #212,2023-11-10,595457,24907,351,Live
9174.0,DUILIA DE MELLO - Ci√™ncia Sem Fim #211,2023-11-09,186389,5304,129,Live
32.0,VIDA EM MARTE ser√° RUIM pra N√ìS?,2023-11-05,3253231,361009,3632,Short
7869.0,CI√äNCIA NO TEATRO - SER√Å QUE ESTAMOS SOZINHOS?,2023-10-31,609734,34763,1061,Live
7787.0,FALCON 9 - STARLINK GRUPO 6-25 - SER√Å QUE HOJE VAI? - SEGUNDA TENTATIVA - Lan√ßamento Sem Fim #51,2023-10-31,23113,2313,16,Live
2418.0,FALCON 9 - STARLINK GRUPO 6-25 - PRIMEIRA TENTATIVA - Lan√ßamento Sem Fim #50,2023-10-30,26989,2591,23,Live
2121.0,SHENZHU-17 - TAIKONAUTAS PARA O ESPA√áO - Lan√ßamento Sem Fim #49,2023-10-26,20697,2052,50,Live
12858.0,PEDRO LOOS - Ci√™ncia Sem Fim #210,2023-10-26,1945923,82771,1783,Live
3115.0,FALCON 9 - STARLINK - Lan√ßamento Sem Fim #48,2023-10-22,22797,1993,23,Live
2932.0,TESTE DE ESCAPE DA NAVE TRIPULADA INDIANA GAGANYAAN - Plant√£o Sem Fim #07,2023-10-21,10047,928,11,Live
10717.0,PESAGEM [PROJETO 120 DIAS] - Ci√™ncia Sem Fim #209,2023-10-20,400977,34316,761,Live
10423.0,OLIVER STUENKEL - Ci√™ncia Sem Fim #208,2023-10-19,175603,9036,274,Live
60.0,OS DIFERENTES TIPOS de GEOGRAFIA,2023-10-18,22534,2097,12,Short
2564.0,FALCON 9 - STARLINK 6-23 - Lan√ßamento Sem Fim #47,2023-10-18,10449,1116,11,Live
60.0,POSI√á√ÉO do BRASIL na GUERRA da UCR√ÇNIA x R√öSSIA,2023-10-17,50279,4924,65,Short
60.0,O QUE CAUSARIA a TERCEIRA GUERRA MUNDIAL?,2023-10-15,141867,15578,82,Short
58.0,O ARSENAL NUCLEAR da R√öSSIA √© uma FARSA?!,2023-10-13,111385,12967,214,Short
3547.0,FALCON HEAVY - MISS√ÉO PSYCHE DA NASA - Lan√ßamento Sem Fim #46,2023-10-13,19446,2019,30,Live
60.0,ESCOLAS ENSINAM GEOGRAFIA ERRADO?!,2023-10-12,26404,2944,21,Short
58.0,GUERRA da UCR√ÇNIA x R√öSSIA CHEGANDO ao FIM?!,2023-10-12,590217,43955,1111,Short
6572.0,REVELANDO AS AMOSTRAS DO ASTEROIDE BENNU - Plant√£o Sem Fim #06,2023-10-11,23492,1976,28,Live
59.0,O MOTIVO do BOMBARDEAMENTO em HIROSHIMA,2023-10-11,20037,1649,21,Short
58.0,AS 6 ARMAS do FIM do MUNDO,2023-10-10,1102029,95228,776,Short
59.0,O QUE de FATO √© um BURACO NEGRO?!,2023-10-08,28100,3632,42,Short
47.0,IMPACTO do TELESC√ìPIO JAMES WEBB na ASTRONOMIA,2023-10-07,30223,2829,28,Short
60.0,√â POSS√çVEL APROVEITAR a ENERGIA de um BURACO NEGRO?!,2023-10-06,29696,2951,33,Short
10129.0,RICARDO MARC√çLIO - Ci√™ncia Sem Fim #207,2023-10-06,212643,8735,306,Live
59.0,IMPORT√ÇNCIA dos BURACOS NEGROS em NOSSA GAL√ÅXIA,2023-10-05,19314,1661,26,Short
10956.0,ROBERTA DUARTE E THAISA - Ci√™ncia Sem Fim #206,2023-10-05,350926,9220,208,Live
59.0,LUCAS INUTILISMO NUNCA se ESQUECEU DISSO,2023-10-05,53080,7336,24,Short
58.0,O PROJETO mais IMPORTANTE pro LUCAS INUTILISMO,2023-10-04,7523,522,11,Short
58.0,LUCAS INUTILISMO e o IN√çCIO no YOUTUBE,2023-10-03,13965,1304,6,Short
59.0,SERJ√ÉO N√ÉO IRIA em uma VIAGEM ESPACIAL?!,2023-10-02,83276,5878,45,Short
60.0,PORQUE as PESSOAS PASSAM MAL com um √ìCULOS VR?!,2023-09-30,13942,791,7,Short
59.0,AT√â ONDE a INTELIG√äNCIA ARTIFICIAL vai CHEGAR?!,2023-09-30,33025,2699,44,Short
10792.0,BRUNO PATO - Ci√™ncia Sem Fim #205,2023-09-29,45385,2605,112,Live
58.0,ACONTECEU o IMPROV√ÅVEL com o LUCAS INUTILISMO,2023-09-28,16806,1045,12,Short
9698.0,LUCAS INUTILISMO - Ci√™ncia Sem Fim #204,2023-09-28,478086,28962,366,Live
59.0,O APARELHO que SIMULA a MICROGRAVIDADE,2023-09-27,20182,1399,37,Short
60.0,IND√öSTRIA FARMAC√äUTICA e a PESQUISA AEROESPACIAL,2023-09-26,13428,983,5,Short
56.0,COMO SURGIU a LUA,2023-09-25,157058,18039,302,Short
5071.0,LIVE SOBRE O ECLIPSE SOLAR EM JO√ÉO PESSOA,2023-09-25,65629,3854,79,Live
7363.0,CHEGADA NA TERRA DAS AMOSTRAS DO ASTEROIDE BENNU - Plant√£o Sem Fim #05,2023-09-24,50024,4741,43,Live
3530.0,FALCON 9 - STARLINK GROUP 6-18 - Lan√ßamento Sem Fim #45,2023-09-24,21770,1998,17,Live
50.0,SERJ√ÉO ENSINA como ASSISTIR a um ECLIPSE com SEGURAN√áA!,2023-09-23,93116,8005,147,Short
59.0,O MELHOR MODO de OBSERVAR a LUA,2023-09-22,15871,1884,12,Short
59.0,OS GRAVES EFEITOS do ESPA√áO no SER HUMANO,2023-09-21,17699,1733,16,Short
6875.0,PATRICIA LAZZAROTTO - Ci√™ncia Sem Fim #203,2023-09-21,67972,4852,135,Live
60.0,PEDA√áOS de um PLANETA DENTRO da TERRA!,2023-09-21,400392,39280,509,Short
8012.0,SACANI RESPONDE [LUA] - Ci√™ncia Sem Fim #202,2023-09-20,1206136,23307,558,Live
59.0,EXPLICA√á√ÉO dos TERRAPLANISTAS sobre a TERRA PLANA,2023-09-19,260112,31369,1502,Short
58.0,ONDAS GRAVITACIONAIS,2023-09-18,8440,848,7,Short
59.0,DICA de OURO pra QUEM QUER CURSAR ASTRONOMIA,2023-09-18,48553,4263,40,Short
60.0,RESOLVIDO o MIST√âRIO dos 'ETs do M√âXICO'?!,2023-09-16,156971,17142,117,Short
57.0,ASTRONOMIA dos IND√çGENAS,2023-09-16,31409,3435,32,Short
4595.0,DIVULGA√á√ÉO DO RELAT√ìRIO DA NASA SOBRE OVNIS - Plant√£o Sem Fim #04,2023-09-14,195649,14473,530,Live
9986.0,C√âSAR H. LENZI - Ci√™ncia Sem Fim #201,2023-09-14,489999,9921,196,Live
60.0,IMPOSS√çVEL N√ÉO CHORAR com ESSE FILME,2023-09-14,22410,1773,37,Short
60.0,VULC√ÉO em MARTE?!,2023-09-12,20811,1867,19,Short
47.0,A DIFEREN√áA entre VULC√ÉO ADORMECIDO e VULC√ÉO EXTINTO,2023-09-11,14613,1648,13,Short
60.0,√â POSS√çVEL PREVER a ERUP√á√ÉO de um VULC√ÉO?!,2023-09-10,8862,1025,9,Short
3728.0,ATLAS 5 - NROL-107 - Lan√ßamento Sem Fim #44,2023-09-10,13910,1581,20,Live
60.0,EXISTEM VULC√ïES fora do PLANETA TERRA?!,2023-09-09,18345,1940,25,Short
3867.0,FALCON 9 - STARLINK GRUPO 6-14 - Lan√ßamento Sem Fim #43,2023-09-09,34621,3489,34,Live
60.0,OS VULC√ïES ATIVOS na AM√âRICA do SUL,2023-09-08,9246,977,13,Short
60.0,O NOME desse VULC√ÉO PARECE ZOEIRA mas N√ÉO √â!,2023-09-07,12621,1344,53,Short
14012.0,LIVE DO VULC√ÉO - SACANI RESPONDE / HIME AO VIVO DA ISL√ÇNDIA,2023-09-07,692845,14859,119,Live
59.0,COMO SURGIU o CANAL 'EI NERD',2023-09-06,8443,659,2,Short
59.0,O MAIOR CULPADO pelo AQUECIMENTO GLOBAL,2023-09-04,17038,1721,63,Short
7169.0,SPLASHDOWN CREW-6 - RETORNO DOS ASTRONAUTAS PARA A TERRA - Lan√ßamento Sem Fim #42,2023-09-04,31281,3114,38,Live
2655.0,FALCON 9 - STARLINK GROUP 6-12 - Lan√ßamento Sem Fim #41,2023-09-04,30798,3309,26,Live
42.0,FILMES e S√âRIES que 'PREVIRAM' o FUTURO,2023-09-03,10027,875,3,Short
1801.0,FALCON 9 - MISS√ÉO SDA TRANCHE 0B - Lan√ßamento Sem Fim #40,2023-09-02,13762,1604,22,Live
59.0,POTENCIAL DESPERDI√áADO do BRASIL,2023-09-02,14530,1497,44,Short
4676.0,MISS√ÉO ADITYA-L1 - MISS√ÉO INDIANA PARA ESTUDAR O SOL - Lan√ßamento Sem Fim #39,2023-09-02,12904,1391,8,Live
9125.0,PESAGEM [PROJETO 120 DIAS] - Ci√™ncia Sem Fim #200,2023-09-02,695568,86648,982,Live
60.0,ENTENDA as MUDAN√áAS CLIM√ÅTICAS da TERRA,2023-09-01,175058,22101,379,Short
10971.0,ESPECIAL ONE PIECE LIVE ACTION - Ci√™ncia Sem Fim #199,2023-09-01,145468,12864,350,Live
60.0,EI NERD ENSINA como GANHAR DINHEIRO na INTERNET,2023-08-31,326753,23297,162,Short
11915.0,PROFESSOR HOC - Ci√™ncia Sem Fim #198,2023-08-31,1806419,40470,1147,Live
60.0,COMO FUNCIONA um 'CANAL DARK',2023-08-30,236690,20451,170,Short
52.0,O INC√äNDIO que DESTRUIU uma ILHA INTEIRA,2023-08-29,8205,771,8,Short
59.0,A DISNEY BOICOTOU os X-MEN de PROP√ìSITO?!,2023-08-28,14386,1124,8,Short
2077.0,FOGUETE H-IIA - MISS√ïES XRISM E SLIM - Lan√ßamento Sem Fim #38,2023-08-28,11220,1116,11,Live
59.0,COMO o 'EI NERD' CRESCEU com a AJUDA dos HATERS,2023-08-27,11752,885,8,Short
6348.0,CHEGADA DOS ASTRONAUTAS NA ISS - ACOPLAMENTO DA CREW DRAGON - Lan√ßamento Sem Fim #37,2023-08-27,47023,3955,30,Live
38.0,IG√ÉO DESABAFA sobre PERDA de PESO RECENTE,2023-08-26,45111,2888,33,Short
12149.0,FALCON 9 - MISS√ÉO CREW-7 - ASTRONAUTAS PARA A ISS - Lan√ßamento Sem Fim #36,2023-08-26,45291,3200,38,Live
8797.0,ESPECIAL ALC√ÇNTARA - Ci√™ncia Sem Fim #197,2023-08-26,67282,5194,172,Live
30.0,ROUBARAM TUDO na CASA DO M√çTICO,2023-08-25,9524,446,29,Short
32.0,O ATAQUE dos CHUPA CHUPA,2023-08-25,10768,932,30,Short
2645.0,√öLTIMA CHANCE! P√≥s-Gradua√ß√£o em Astronomia,2023-08-24,4901,393,5,Live
7469.0,CI√äNCIA VISITA PODPAH - Ci√™ncia Sem Fim #196,2023-08-24,405151,28896,471,Live
9669.0,PEDRO PALLOTTA - Ci√™ncia Sem Fim #195,2023-08-24,83673,5853,52,Live
5106.0,Semana da P√≥s-Gradua√ß√£o em Astronomia - Live do Dia 23/08,2023-08-24,5544,455,3,Live
6389.0,MOMENTO HIST√ìRICO - O POUSO DA CHANDRAYAAN-3 NA LUA - Lan√ßamento Sem Fim #35,2023-08-23,78287,7194,320,Live
59.0,EI NERD TEVE mais SITES do que VOC√ä IMAGINA!,2023-08-23,19428,1314,6,Short
5870.0,Semana da P√≥s-Gradua√ß√£o em Astronomia - Live do Dia 22/08,2023-08-23,10819,967,3,Live
60.0,O AGRONEG√ìCIO no BRASIL est√° CHEGANDO ao FIM?!,2023-08-22,11914,1153,70,Short
60.0,RESOLVER o AQUECIMENTO GLOBAL √© MAIS F√ÅCIL que PARECE,2023-08-21,21636,2023,152,Short
60.0,CALCULARAM a VELOCIDADE do FLASH,2023-08-20,95182,8089,135,Short
60.0,UM VULC√ÉO pode RESFRIAR a TEMPERATURA da TERRA?!,2023-08-19,50377,4836,78,Short
7665.0,PAULO ARTAXO - Ci√™ncia Sem Fim #194,2023-08-19,134181,8217,412,Live
8902.0,PETER JORDAN - Ci√™ncia Sem Fim #193,2023-08-18,512347,37527,586,Live
60.0,A PRAGA dos JAVALIS no BRASIL,2023-08-17,1934928,135406,2045,Short
2321.0,FALCON 9 - STARLINK 6-10 - Lan√ßamento Sem Fim #34,2023-08-17,10677,1102,13,Live
11312.0,RICHARD RASMUSSEN E ANDR√â POLONI - Ci√™ncia Sem Fim #192,2023-08-17,122038,8877,284,Live
60.0,RICARDO GALV√ÉO √© SINCERO sobre OLAVO de CARVALHO,2023-08-16,111902,5152,1272,Short
60.0,A DOEN√áA mais CRUEL contra o SER HUMANO,2023-08-15,1363016,111964,767,Short
59.0,O CLIMA do PLANETA est√° PIOR do que NUNCA?!,2023-08-14,90766,9705,265,Short
32.0,E SE um V√çRUS ANTIGO fosse DESCONGELADO?!,2023-08-13,63463,6059,60,Short
60.0,ENQUANTO isso N√ÉO MUDAR o BRASIL N√ÉO EVOLUI,2023-08-12,13697,1431,18,Short
60.0,A FUS√ÉO NUCLEAR pode SALVAR o PLANETA?!,2023-08-12,84527,9242,109,Short
59.0,PORQUE a CHINA √© T√ÉO AVAN√áADA na CI√äNCIA,2023-08-12,29046,2949,57,Short
6576.0,RICARDO GALV√ÉO - Ci√™ncia Sem Fim #191,2023-08-11,116457,8727,412,Live
2356.0,FALCON 9 - STARLINK GROUP 6-9 - Lan√ßamento Sem Fim #33,2023-08-11,5961,803,9,Live
12827.0,RODRIGO SILVA - Ci√™ncia Sem Fim #190,2023-08-11,6807837,109820,3738,Live
3018.0,PARA A LUA - LUNA-25 - MISS√ÉO RUSSA - Lan√ßamento Sem Fim #32,2023-08-10,20972,2021,42,Live
60.0,O TESOURO BRASILEIRO que N√ÉO PODE ser EXPLORADO,2023-08-10,658639,67499,469,Short
4543.0,VIRGIN GALACTIC - GALACTIC 2 - TURISTAS ESPACIAIS - Lan√ßamento Sem Fim #31,2023-08-10,15681,1519,25,Live
45.0,O SOL N√ÉO vai EXPLODIR mas ACONTECER√Å algo PIOR!,2023-08-09,59483,5655,144,Short
60.0,O NASCIMENTO do NOSSO SISTEMA SOLAR,2023-08-08,57559,7178,58,Short
2479.0,FALCON 9 - STARLINK GRUPO 6-20 - Lan√ßamento Sem Fim #30,2023-08-08,8767,941,9,Live
60.0,O SURGIMENTO da √ÅGUA na TERRA,2023-08-07,197354,21865,744,Short
3455.0,FALCON 9 - STARLINK 6-8 - Lan√ßamento Sem Fim #29,2023-08-07,18636,2121,16,Live
39.0,E SE o PLANETA TERRA GIRASSE mais R√ÅPIDO,2023-08-06,13739,1465,23,Short
4046.0,ELECTRON - MISS√ÉO WE LOVE THE NIGHTLIFE - Lan√ßamento Sem Fim #28,2023-08-06,8210,913,19,Live
60.0,O PONTO mais DISTANTE da TERRA,2023-08-05,36854,4132,38,Short
8932.0,SACANI RESPONDE [TERRA] - Ci√™ncia Sem Fim #189,2023-08-05,3446711,44847,1477,Live
12339.0,MIGUEL NICOLELIS - Ci√™ncia Sem Fim #188,2023-08-04,1250907,37101,1369,Live
60.0,ESSA DESCOBERTA vai MUDAR TUDO no MUNDO,2023-08-03,58738,5564,40,Short
15003.0,"PIRULA, EMILIO E CARLOS RUAS [OS TR√äS ELEMENTOS] - Ci√™ncia Sem Fim #187",2023-08-03,327259,20293,501,Live
50.0,PORQUE VOC√ä precisa VISITAR um PLANET√ÅRIO,2023-08-02,12517,1310,14,Short
2978.0,FOGUETE ANTARES - MISS√ÉO NG-19 - CARGA PARA A ISS - Lan√ßamento Sem Fim #27,2023-08-02,7185,717,14,Live
60.0,"SERJ√ÉO √© SINCERO sobre ""JOGOS de ESPA√áO""",2023-08-01,18699,1192,20,Short
60.0,CARROS VOADORES N√ÉO V√ÉO FUNCIONAR como VOC√ä IMAGINA!,2023-07-31,16147,1162,42,Short
60.0,UM HOMEM SOZINHO contra o GOVERNO dos EUA,2023-07-30,282768,20270,241,Short
20735.0,CAMPUS PARTY 2023 - DIA #03 - Ci√™ncia Sem Fim #186,2023-07-29,20847,1479,29,Live
2902.0,FALCON HEAVY - JUPITER  3/ECHOSTAR 24 - SEGUNDA TENTATIVA - Lan√ßamento Sem Fim #26,2023-07-29,9577,1091,9,Live
60.0,O PROCESSO at√© o HOMEM CHEGAR na LUA!,2023-07-29,3445244,282212,9483,Short
12710.0,CAMPUS PARTY 2023 - DIA #02 - Parte 2 - Ci√™ncia Sem Fim #185,2023-07-28,20266,971,11,Live
10920.0,CAMPUS PARTY 2023 - DIA #02 - Parte 1 - Ci√™ncia Sem Fim #184,2023-07-28,16394,1164,13,Live
2399.0,FALCON 9 - STARLINK 6-7 - Lan√ßamento Sem Fim #25,2023-07-28,5935,702,7,Live
8041.0,CAMPUS PARTY 2023 - DIA #01 - Ci√™ncia Sem Fim #183,2023-07-27,22901,1916,17,Live
31.0,RENATO CARIANI REVELA sua MOTIVA√á√ÉO para o FISICULTURISMO,2023-07-27,7078,404,2,Short
2410.0,FALCON HEAVY - JUPITER  3/ECHOSTAR 24 - PRIMEIRA TENTATIVA - Lan√ßamento Sem Fim #24,2023-07-27,11242,1151,6,Live
6169.0,SESS√ÉO DO CONGRESSO NORTE-AMERICANO SOBRE OS UFOS - Plant√£o Sem Fim #03,2023-07-26,31950,1939,295,Live
60.0,RAMON DINO fez o IMPOSS√çVEL,2023-07-26,8324,539,4,Short
56.0,CATEGORIAS IMPORTANTES do FISICULTURISMO,2023-07-20,12138,1050,3,Short
39.0,O ANIMAL que PERDEU a PERNA na EVOLU√á√ÉO,2023-07-18,18019,1452,64,Short
50.0,SPIN OFF do MAL das I.A.s,2023-07-15,12758,1265,9,Short
58.0,REVELA√á√ÉO de SACANI sobre NOITE dos OVNIS,2023-07-14,98946,8099,445,Short
3352.0,MISS√ÉO CHANDRAYAAN-3 PARA A LUA!!! - Lan√ßamento Sem Fim #23,2023-07-14,12573,1161,68,Live
2628.0,FALCON 9 - STARLINK 5-15 - Lan√ßamento Sem Fim #22,2023-07-14,5531,607,6,Live
59.0,O maior PROBLEMA nas UNIVERSIDADES BRASILEIRAS,2023-07-13,22589,2748,52,Short
17.0,TERRAPLANA (?),2023-07-10,20198,1678,88,Short
2918.0,FALCON 9 - STARLINK GRUPO 6-5 - HOJE √â DIA DE RECORDE!!! - Lan√ßamento Sem Fim #21,2023-07-10,17443,1777,25,Live
52.0,ELON MUSK e sua OBSESS√ÉO,2023-07-09,12431,1247,18,Short
24.0,O PLANETA mais CHATO da HIST√ìRIA (?),2023-07-08,18758,1374,24,Short
12665.0,FELIPE HIME - Ci√™ncia Sem Fim #182,2023-07-08,353702,10085,383,Live
1876.0,FALCON 9 - STARLINK 5-13 - Lan√ßamento Sem Fim #20,2023-07-07,11674,1098,8,Live
12813.0,PAULO JUBILUT - Ci√™ncia Sem Fim #181,2023-07-07,629277,15553,788,Live
4164.0,ARIANE 5 - Heinrich-Hertz-Satellit & SYRACUSE 4B - O FIM DE UMA ERA!!! - Lan√ßamento Sem Fim #19,2023-07-05,6564,639,8,Live
43.0,ASTRONAUTAS s√£o MALUCOS ?,2023-07-02,10963,934,6,Short
57.0,TRETA em DESCOBERTA de PLANETA,2023-07-01,14785,1677,13,Short
10021.0,RENATO CARIANI E JULIO BALESTRIN - Ci√™ncia Sem Fim #180,2023-07-01,393381,21889,324,Live
45.0,MAIOR AEROPORTO do MUNDO,2023-06-30,17793,1745,21,Short
9137.0,HIST√ìRICO SOBRE ONDAS GRAVITACIONAIS!!! - Plant√£o Sem Fim #02,2023-06-29,219716,3396,58,Live
9772.0,MARCOS PALHARES - Ci√™ncia Sem Fim #179,2023-06-29,188045,5917,174,Live
50.0,ET de LAS VEGAS ou de VARGINHA ?,2023-06-28,13543,745,20,Short
42.0,PIOR TURBUL√äNCIA de AVI√ÉO,2023-06-27,36010,3709,9,Short
50.0,ENXERTO de CAD√ÅVER do PAULO MUZY,2023-06-25,562836,34652,256,Short
22.0,A LUA ser√° COMERCIALIZADA,2023-06-24,7941,770,18,Short
55.0,SUBMARINO que DESAPARECEU,2023-06-23,199097,20573,89,Short
8739.0,MATTHAEUS MENEZES E DOUGLAS RODRIGUES - Ci√™ncia Sem Fim #178,2023-06-23,30077,1832,230,Live
57.0,"JOGOS ""PROIBIDOS"" na CHINA",2023-06-22,5958,392,10,Short
10548.0,PAULO CACELLA - Ci√™ncia Sem Fim #177,2023-06-22,356638,8819,251,Live
37.0,ACIDENTE de S√âRGIO SACANI,2023-06-21,103361,12213,100,Short
9439.0,GABRIEL PATO - Ci√™ncia Sem Fim #176,2023-06-17,137359,8007,210,Live
9671.0,PAULO MUZY - Ci√™ncia Sem Fim #175,2023-06-16,287409,16426,323,Live
44.0,VIAGEM no TEMPO √© POSS√çVEL?,2023-06-15,54372,4899,100,Short
9754.0,CI√äNCIA VISITA OUTBACK [COM PIRULA + SCHWARZA] - Ci√™ncia Sem Fim #174,2023-06-14,266709,16213,686,Live
47.0,HABILIDADE SURREAL das MOSCAS,2023-06-14,9543,621,9,Short
46.0,IN√çCIO da TERRAPLANA,2023-06-12,30805,1990,282,Short
46.0,RUSS√çA √© a TERRA sem LEI da INTERNET,2023-06-11,19588,1201,14,Short
53.0,A AUSTR√ÅLIA n√£o EXISTE para os TERRAPLANISTAS,2023-06-10,122302,10608,1433,Short
57.0,ARGUMENTOS contra o BIG BANG (Debate),2023-06-09,23430,1950,60,Short
21.0,LUA DESTRUIDA de SATURNO,2023-06-08,5997,431,5,Short
20.0,BASE LUNAR do FUTURO,2023-06-07,5207,343,2,Short
48.0,As GAL√ÅXIAS est√£o se AFASTANDO ?,2023-06-06,9648,707,13,Short
2484.0,FALCON 9 - SPACEX CRS 28 - Lan√ßamento Sem Fim #18,2023-06-05,14521,1297,23,Live
39.0,ANULA√á√ÉO GEN√âTICA em ANIMAIS,2023-06-04,9364,602,13,Short
3149.0,FALCON 9 - STARLINK 6-4 - Lan√ßamento Sem Fim #17,2023-06-04,8938,773,13,Live
29.0,O que √© QU√ÇNTICO ?,2023-06-03,58598,4254,42,Short
11656.0,PROF. NOSLEN BORGES - Ci√™ncia Sem Fim #173,2023-06-03,70415,3781,93,Live
38.0,EMPREGOS que SER√ÉO EXTINTOS,2023-06-02,20191,999,29,Short
9291.0,MARCELO DUARTE - Ci√™ncia Sem Fim #172,2023-06-02,18532,1460,14,Live
42.0,PARADOXO mais ASUSTADOR que EXISTE,2023-06-01,15321,1378,33,Short
11860.0,AFFONSO SOLANO E AFONSO TRESD√ä - Ci√™ncia Sem Fim #171,2023-06-01,271141,10408,398,Live
11538.0,HIST√ìRICO!!! - AO VIVO CONFER√äNCIA DA NASA SOBRE OVNIS (UAPS) - Plant√£o Sem Fim #01,2023-05-31,45669,3548,107,Live
46.0,O SOL tem CAUDA igual COMETA ?,2023-05-31,42303,2772,37,Short
51.0,DIHH LOPES dando GOLPE no PAI,2023-05-30,26049,1197,12,Short
3641.0,SHENZHOU-16 COM TAIKONAUTAS PARA A TIANGONG - Lan√ßamento Sem Fim #16,2023-05-30,13418,1465,18,Live
40.0,E SE um COMETA CAIR na TERRA ?,2023-05-29,1398737,99449,708,Short
3877.0,INDIANO - MISS√ÉO GSLV-F12/NVS-01 - Lan√ßamento Sem Fim #15,2023-05-29,6791,824,23,Live
44.0,I.A. fazendo DESENHO ao VIVO,2023-05-28,8461,557,10,Short
26.0,ANTES da ERA CLOUD,2023-05-27,6404,301,3,Short
28.0,ISSO a CI√äNCIA n√£o EXPLICA,2023-05-26,9955,499,4,Short
9464.0,WANDERLEY ABREU - Ci√™ncia Sem Fim #170,2023-05-26,54783,3427,113,Live
24.0,DIFICULDADES nas UNIVERSIDADES,2023-05-25,7603,511,20,Short
8709.0,STEPHAN RAPINA  - Ci√™ncia Sem Fim #169,2023-05-25,161368,7959,354,Live
43.0,VILELA j√° desenhou a TURMA DA M√îNICA,2023-05-24,8763,444,4,Short
44.0,CHATGPT x GOOGLE - Qual o MELHOR?,2023-05-23,14774,799,22,Short
60.0,A ROCHA que VEIO de FORA,2023-05-22,42282,3189,31,Short
11155.0,FALCON 9 - AXIOM-2 - ASTRONAUTAS PRIVADOS PARA A ISS - Lan√ßamento Sem Fim #14,2023-05-21,72147,4646,107,Live
23390.0,SPACE BR SHOW #03 - Ci√™ncia Sem Fim #168,2023-05-11,16346,1013,23,Live
29636.0,SPACE BR SHOW #02 - Ci√™ncia Sem Fim #167,2023-05-11,22010,1720,10,Live
2517.0,NAVE DE CARGA THIANZHOU-6 PARA ESTA√á√ÉO ESPACIAL CHINESA - Lan√ßamento Sem Fim #13,2023-05-10,11285,913,11,Live
18225.0,SPACE BR SHOW #01 - Ci√™ncia Sem Fim #166,2023-05-10,26724,2167,13,Live
40.0,"O @oflownews come√ßa HOJE (08/05), √†s 18h30. N√£o perca!",2023-05-08,12494,1901,37,Short
12080.0,RESENHA COM VITOR SOARES E ICLES RODRIGUES - Ci√™ncia Sem Fim #165,2023-05-06,75351,3689,229,Live
9518.0,RESENHA COM √ÅLVARO MACHADO DIAS - Ci√™ncia Sem Fim #164,2023-05-04,51653,3321,121,Live
6244.0,FALCON HEAVY - VIASAT-3 AMERICAS - TERCEIRA TENTATIVA - Lan√ßamento Sem Fim #12,2023-05-01,27604,2462,30,Live
7298.0,FALCON HEAVY - VIASAT-3 AMERICAS - SEGUNDA TENTATIVA - Lan√ßamento Sem Fim #11,2023-04-29,33176,2366,11,Live
5855.0,FALCON 9 - O3b mPOWER 3 & 4 - PRIMEIRA TENTATIVA - Lan√ßamento Sem Fim #10,2023-04-28,15638,1357,10,Live
3161.0,FALCON HEAVY - VIASAT-3 AMERICAS - PRIMEIRA TENTATIVA - Lan√ßamento Sem Fim #09,2023-04-27,11721,1025,17,Live
4209.0,FALCON 9 - STARLINK GRUPO 3-5 - SEGUNDA TENTATIVA - Lan√ßamento Sem Fim #08,2023-04-27,13070,1152,26,Live
3831.0,FALCON 9 - STARLINK GRUPO 3-5 - PRIMEIRA TENTATIVA - Lan√ßamento Sem Fim #07,2023-04-26,11187,959,9,Live
10767.0,RESENHA COM ELIAS JABBOUR - Ci√™ncia Sem Fim #163,2023-04-22,276456,17116,2079,Live
12474.0,O VOO DE TESTE DO STARSHIP - SEGUNDA TENTATIVA - Lan√ßamento Sem Fim #06,2023-04-20,108465,10175,173,Live
16399.0,RESENHA COM ULLISSES CAMPBELL E BETO RIBEIRO - Ci√™ncia Sem Fim #162,2023-04-20,393885,17125,1208,Live
5724.0,FALCON 9 - STARLINK 6-2 - Lan√ßamento Sem Fim #05,2023-04-19,22912,1882,28,Live
8393.0,O VOO DE TESTE DO STARSHIP -  PRIMEIRA TENTATIVA,2023-04-17,74440,4663,41,Live
57.0,UMA CRIAN√áA batizou PLUT√ÉO,2023-04-15,136277,12800,67,Short
2290.0,FALCON 9 - TRANSPORTER 7 - COM SAT√âLITE BRASILEIRO - SEGUNDA TENTATIVA - Lan√ßamento Sem Fim #04,2023-04-15,6846,728,15,Live
9230.0,RESENHA COM HELTON E FELIPE [VIASAT] - Ci√™ncia Sem Fim #161,2023-04-15,23510,1655,23,Live
45.0,METAFORANDO √© PSEUDOCIENTISTA ?,2023-04-14,120360,6583,162,Short
4376.0,MISS√ÉO JUICE DA ESA PARA J√öPITER - SEGUNDA TENTATIVA - Lan√ßamento Sem Fim #03,2023-04-14,11798,1256,18,Live
2642.0,FALCON 9 - TRANSPORTER 7 - COM SAT√âLITE BRASILEIRO - PRIMEIRA TENTATIVA - Lan√ßamento Sem Fim #02,2023-04-14,5045,494,4,Live
9159.0,SACANI RESPONDE [MISS√ÉO JUICE] - Ci√™ncia Sem Fim #160,2023-04-14,242178,6685,88,Live
48.0,SACANI fundou a PRIMEIRA EMPRESA J√öNIOR do BRASIL,2023-04-13,15687,1049,13,Short
4096.0,MISS√ÉO JUICE RUMO A J√öPITER! - PRIMEIRA TENTATIVA - Lan√ßamento Sem Fim #01,2023-04-13,11880,1324,21,Live
11281.0,RESENHA COM KIKO FAIRBAIRN - Ci√™ncia Sem Fim #159,2023-04-13,33882,2347,46,Live
38.0,EMME WHITE vai AMARRAR o SERJ√ÉO,2023-04-12,94743,3293,122,Short
21.0,O MIST√âRIO da LUA de PLUT√ÉO,2023-04-10,53909,3898,28,Short
38.0,PAISES com PESSOAS mais INTELIGENTES,2023-04-09,26356,1767,65,Short
45.0,T√çBIO √© FAMOSO como PAI do JAIME,2023-04-08,10322,490,8,Short
41.0,√ÅREA de LAN√áAMENTO no BRASIL,2023-04-07,4565,285,6,Short
7971.0,RESENHA COM ANA PAULA SIQUEIRA - Ci√™ncia Sem Fim #158,2023-04-07,15006,1173,53,Live
6580.0,RESENHA COM BRENO PFISTER - Ci√™ncia Sem Fim #157,2023-04-06,16687,1237,35,Live
25.0,NIBIRU entrou no NOSSO SISTEMA SOLAR,2023-04-05,18988,1360,24,Short
60.0,A TERRA est√° PERDENDO PESO ?,2023-04-04,17408,2263,14,Short
36.0,O QUE tem na √ÅREA 51 ?,2023-04-03,87796,7209,117,Short
59.0,OS CACHORROS domestificam os SERES HUMANOS,2023-04-02,15015,1642,13,Short
56.0,PERIGOS em VOLTAR no TEMPO,2023-04-01,15082,1617,21,Short
13262.0,RESENHA COM EDUARDO SPOHR - Ci√™ncia Sem Fim #156,2023-04-01,126456,3522,96,Live
19.0,STARLINK vai ACABAR com as OPERADORAS ?,2023-03-31,14938,854,28,Short
11507.0,RESENHA COM ALEXANDRE CHIAVEGATTO - Ci√™ncia Sem Fim #155,2023-03-31,84994,2666,48,Live
58.0,BURACO NEGRO vai SUGAR a TERRA?,2023-03-30,13958,1646,13,Short
16760.0,RESENHA COM WHINDERSSON NUNES E GILDARIO - Ci√™ncia Sem Fim #154,2023-03-30,381202,19105,350,Live
38.0,A SONDA que o SOL n√£o DERRETE,2023-03-29,13777,1395,13,Short
60.0,CACHORROS n√£o EXISTEM,2023-03-28,14488,1147,16,Short
29.0,ADAGA feita de METEORITO,2023-03-27,33168,2923,15,Short
16.0,COMO ser ASTRONAUTA ?,2023-03-26,12246,948,9,Short
44.0,EXPLICANDO as DIMENS√ïES com a TEORIA das CORDAS,2023-03-25,43339,4394,63,Short
11268.0,SACANI RESPONDE [COMETAS] - Ci√™ncia Sem Fim #153,2023-03-25,1117553,16647,451,Live
60.0,A NASA esconde ALGUMA COISA,2023-03-24,12103,1132,20,Short
11189.0,RESENHA COM EDUARDO E JOANA RITTER - Ci√™ncia Sem Fim #152,2023-03-24,34350,2094,52,Live
39.0,JAMES WEBB refutou a TEORIA do BIG BANG,2023-03-23,83786,4648,314,Short
10247.0,CI√äNCIA VISITA PODIHHCAST - Ci√™ncia Sem Fim #151,2023-03-23,62164,3784,57,Live
17.0,O FOGUETE BRASILEIRO,2023-03-22,17147,1046,18,Short
39.0,PORQUE a TERRA n√£o TEM ANEIS ?,2023-03-21,20093,1824,22,Short
21.0,FORMA√á√ÉO dos ANEIS de SATURNO,2023-03-20,9592,839,1,Short
60.0,E SE a TERRA fosse PERTO de um BURACO NEGRO ?,2023-03-19,290477,31718,127,Short
60.0,INVENTARAM ISSO dos DINOSSAUROS,2023-03-18,17094,1999,15,Short
12728.0,CI√äNCIA VISITA INTELIG√äNCIA LTDA - Ci√™ncia Sem Fim #150,2023-03-18,329482,14716,298,Live
59.0,USANDO a F√ìRMULA de BH√ÅSKARA,2023-03-17,25658,2598,27,Short
12372.0,RESENHA COM LARISSA SANTOS - Ci√™ncia Sem Fim #149,2023-03-17,81978,4141,91,Live
59.0,O que as INTELIG√äNCIAS ARTIFICIAIS n√£o v√£o REPRODUZIR,2023-03-16,17027,1598,81,Short
8409.0,RESENHA COM VICTOR E LEONARDO [IDEIA SPACE] - Ci√™ncia Sem Fim #148,2023-03-16,23619,1702,26,Live
34.0,EXISTEM PLANETAS fora do SISTEMA SOLAR ?,2023-03-15,14699,1394,15,Short
17.0,PROBLEMAS CAUSADOS pela IDA ao ESPA√áO,2023-03-14,8249,654,6,Short
51.0,PROJETAR o SOL em uma PAREDE,2023-03-13,11972,1066,22,Short
57.0,DESTRUI√á√ÉO do MAIOR AVI√ÉO do MUNDO,2023-03-12,303106,21684,97,Short
52.0,O ASTRONAUTA que foi ESQUECIDO no ESPA√áO,2023-03-11,14571,1890,14,Short
8393.0,SACANI RESPONDE [PLUT√ÉO] - Ci√™ncia Sem Fim #147,2023-03-11,690137,14005,276,Live
52.0,MOTIVO de ELON MUSK ir para MARTE,2023-03-10,120709,11413,186,Short
10233.0,RESENHA COM BENTO E YURI [BEN-YUR PODCAST] - Ci√™ncia Sem Fim #146,2023-03-10,101424,5277,189,Live
56.0,O CARA que DESCOBRIU o PRIMEIRO BURACO NEGRO,2023-03-09,19003,2014,30,Short
6247.0,ESPECIAL DIA DAS MULHERES - Ci√™ncia Sem Fim #145,2023-03-08,16075,1399,30,Live
57.0,A BRIGA entre TODOS os MATEM√ÅTICOS do MUNDO,2023-03-08,248278,28776,99,Short
54.0,AS MAT√âRIAS mais DIF√çCEIS pro S√âRGIO SACANI,2023-03-07,1469366,121740,636,Short
54.0,PROCURA-SE PILOTOS,2023-03-06,427697,30758,313,Short
20.0,PRESENTE dos EXTRATERRESTRE,2023-03-05,28876,1879,35,Short
28.0,"DEPOIS da TERRA, qual PLANETA ?",2023-03-04,46929,5755,74,Short
6743.0,RESENHA COM FL√ÅVIO E HENRIQUE [T√çBIO E PER√îNIO] - Ci√™ncia Sem Fim #144,2023-03-04,31757,2774,59,Live
20.0,S√ì OLHE pro ECLIPSE do SOL com ISSO,2023-03-03,123115,6665,225,Short
11478.0,RESENHA COM KENNETH CORR√äA - Ci√™ncia Sem Fim #143,2023-03-03,72655,4036,89,Live
52.0,PORQUE n√£o VOLTAMOS para a LUA ?,2023-03-02,62632,6377,165,Short
10359.0,"I.A. RESPONDE [S√âRGIO, NED E CHAT] - Ci√™ncia Sem Fim #142",2023-03-02,267596,9186,173,Live
31.0,MENSAGENS em GARRAFA de 100 ANOS,2023-03-01,11617,685,4,Short
44.0,IN√çCIO do FLOW,2023-02-28,11108,730,2,Short
58.0,O FAMOSO #TITANIC,2023-02-27,61478,5796,38,Short
38.0,PEDRO √ÅLVARES CABRAL era o ELON MUSK de HOJE,2023-02-26,17565,1316,31,Short
50.0,AN√ÅLISE de MICRO EXPRESS√ïES FACIAIS s√£o REAIS ?,2023-02-25,16053,1085,69,Short
10472.0,CI√äNCIA VISITA FLOW PODCAST - Ci√™ncia Sem Fim #141,2023-02-25,470624,24128,557,Live
57.0,QUAL a COR do SOL ?,2023-02-24,68849,7253,63,Short
11287.0,RESENHA COM JORGE DE SOUZA - Ci√™ncia Sem Fim #140,2023-02-24,369096,10206,411,Live
37.0,#HACKER e #DEEPWEB,2023-02-23,26979,1873,6,Short
34.0,OBJETOS se APROXIMANDO do SOL,2023-02-22,14701,1341,34,Short
39.0,CONVIDADOS que n√£o s√£o CIENTISTAS,2023-02-21,7511,605,9,Short
40.0,SOL cai em BURACO NEGRO,2023-02-21,18547,1820,26,Short
40.0,COMO VER a BANDEIRA na LUA,2023-02-19,40282,2850,222,Short
39.0,VOC√ä v√™ o SOL com 08 MINUTOS de ATRASO,2023-02-18,77735,7955,99,Short
33.0,PERIGO da COMUNICA√á√ÉO com E.T.s,2023-02-17,11942,831,28,Short
35.0,A IMPORT√ÇNCIA das DESCOBERTAS na LUA,2023-02-16,7725,643,5,Short
29.0,Os PLANETAS ESQUECIDOS do SISTEMA SOLAR,2023-02-15,48708,5164,19,Short
14.0,COMO se FORMA uma ESTRELA,2023-02-14,48426,3753,98,Short
49.0,√înibus Espacial x Avi√µes,2023-02-13,26877,2356,8,Short
30.0,GAMES podem INFLUENCIAR PESSOAS ?,2023-02-12,7475,562,4,Short
44.0,Excurs√£o TEMPESTADE de METEORO,2023-02-11,10312,883,3,Short
54.0,IMPRIMINDO uma PICANHA na #campusparty,2023-02-10,8725,498,49,Short
58.0,FOTOGRAFANDO as STARLINKS,2023-02-09,15707,1458,4,Short
2249.0,LAN√áAMENTO SOYUZ 2.1A - MISS√ÉO PROGRESS MS-22 - Ci√™ncia Sem Fim #139,2023-02-09,10776,1178,22,Live
52.0,CHUVA de DIAMANTES em #NETUNO e #URANO,2023-02-08,34098,3071,55,Short
57.0,ENXERGAMOS em 240 FPS ?,2023-02-07,1864141,169245,1215,Short
3765.0,LAN√áAMENTO FALCON 9 - MISS√ÉO AMAZONAS NEXUS - Ci√™ncia Sem Fim #138,2023-02-07,30376,3585,36,Live
59.0,Nono PLANETA do SISTEMA SOLAR,2023-02-06,91346,8142,57,Short
31.0,METAVERSO vai CONFUNDIR nosso C√âREBRO,2023-02-05,8652,618,15,Short
31.0,CRIANDO um SEGUNDO SOL na TERRA,2023-02-04,26258,2550,30,Short
11255.0,SACANI RESPONDE [URANO E NETUNO] - Ci√™ncia Sem Fim #137,2023-02-04,1691595,24133,545,Live
41.0,AVI√ÉO do #Palmeiras com #Lito,2023-02-03,12432,687,11,Short
60.0,#EINSTEIN comeu FEIJOADA no BRASIL e PASSOU MAL,2023-02-02,32044,3144,51,Short
13286.0,RESENHA COM LITO E MILA - Ci√™ncia Sem Fim #136,2023-02-02,471629,13116,397,Live
59.0,IR na ACADEMIA √© coisa de IDI0T4,2023-02-01,45021,3998,150,Short
59.0,Porque #MARTE √© VERMELHO ?,2023-01-31,13685,1535,8,Short
59.0,A ARROG√ÇNCIA de S√âRGIO SACANI,2023-01-30,205041,13373,563,Short
18.0,A LUA nos ENGANA com uma ILUS√ÉO de √ìPTICA,2023-01-29,20033,1607,25,Short
56.0,O UNIVERSO parou de EXPANDIR?,2023-01-28,259050,22700,165,Short
33.0,O CASO de ETs que ASSUSTOU o S√âRGIO SACANI,2023-01-27,165287,16199,175,Short
2778.0,MISS√ïES ESPACIAIS 2023  - Ci√™ncia Sem Fim #135,2023-01-27,30887,2307,49,Live
22.0,Vamos MONTAR uma BASE na #LUA pra QUE?,2023-01-26,44618,4613,48,Short
59.0,Porque CELULAR √© PROIBIDO em POSTOS de COMBUST√çVEL?,2023-01-25,351602,30087,431,Short
42.0,CI√äNCIAS e #RELIGI√ÉO trabalham JUNTAS?,2023-01-24,17916,1182,143,Short
52.0,O HOMEM que foi ESQUECIDO no #ESPA√áO,2023-01-23,67252,9584,78,Short
33.0,SEGUNDO SOL da TERRA √© CHIN√äS,2023-01-22,61360,5618,103,Short
25.0,#Nibiru perto da TERRA,2023-01-21,122415,7748,264,Short
12810.0,RESENHA COM SCHWARZA  - Ci√™ncia Sem Fim #134,2023-01-21,402446,10242,291,Live
60.0,A TERRA est√° ficando GORDINHA,2023-01-21,148730,17202,254,Short
8879.0,EVENTOS ASTRON√îMICOS DE 2023 - Ci√™ncia Sem Fim #133,2023-01-20,333300,6542,130,Live
36.0,O QUE tem na #Area51 ?,2023-01-19,239632,23279,363,Short
8591.0,RETROSPECTIVA 2022 - Ci√™ncia Sem Fim #132,2023-01-19,253539,6399,187,Live
59.0,MELHORAR a BATERIA do SEU CELULAR,2023-01-19,31576,2945,17,Short
20.0,CRIANDO uma ESTRELA ao VIVO,2023-01-19,1696556,88610,915,Short
15.0,A maior BOMBA NUCLEAR do MUNDO,2023-01-17,968926,86317,666,Short
59.0,OS HUMANOS s√£o DOMESTICADOS,2023-01-17,856543,95706,703,Short
58.0,#BuracoNegro vai nos ENGOLIR?,2023-01-16,125200,17269,164,Short
19.0,#STARLINK vai AMASSAR as OPERADORAS no BRASIL,2023-01-16,18795,1159,66,Short
29.0,ADAGA feita de MIN√âRIO #alienigena,2023-01-14,19301,1887,19,Short
20.0,Os #BuracosNegros s√£o SIMPLES,2023-01-14,28423,2999,20,Short
47.0,As #MOSCAS DISTROCEM o ESPA√áO TEMPO,2023-01-12,21419,1614,22,Short
20.0,BASE na #LUA com ARTEMIS III,2023-01-11,15498,1013,5,Short
60.0,#NASA sabe de ALGUMA COISA,2023-01-10,3477523,326708,3103,Short
39.0,#JamesWebb refutou BIG BANG,2023-01-09,134679,16182,277,Short
21.0,FORMA√á√ÉO dos #AneisdeSaturno,2023-01-08,32642,2772,17,Short
60.0,PLANETA com TEMPO DIFERENTE,2023-01-07,781402,85096,349,Short
38.0,COMO SAIR do SISTEMA SOLAR?,2023-01-06,482837,47160,413,Short
4698.0,CCXP - Ci√™ncia Sem Fim #131,2022-12-01,16199,1121,43,Live
5796.0,CAMPUS PARTY DIA #03 - Ci√™ncia Sem Fim #130 - Parte 2,2022-11-15,15483,1137,23,Live
13976.0,CAMPUS PARTY DIA #03 - Ci√™ncia Sem Fim #130 - Parte 1,2022-11-14,47319,1349,37,Live
10479.0,CAMPUS PARTY DIA #02 - Ci√™ncia Sem Fim #129 - Parte 2,2022-11-13,13645,950,15,Live
13098.0,CAMPUS PARTY DIA #02 - Ci√™ncia Sem Fim #129 - Parte 1,2022-11-13,45664,1441,16,Live
20874.0,CAMPUS PARTY DIA #01 - Ci√™ncia Sem Fim #128,2022-11-12,27712,2298,21,Live
10822.0,CI√äNCIA VISITA FLOW GAMES - Ci√™ncia Sem Fim #127,2022-11-11,55498,3271,71,Live
10832.0,RESENHA COM DAVI CALAZANS - Ci√™ncia Sem Fim #126,2022-11-10,209228,8554,244,Live
7906.0,SACANI RESPONDE [V√äNUS] - Ci√™ncia Sem Fim #125,2022-11-05,807735,16290,430,Live
7607.0,RESENHA COM TONICO NOVAES [CAMPUS PARTY] - Ci√™ncia Sem Fim #124,2022-11-04,14078,1010,23,Live
12098.0,RESENHA COM EMILIO E MILA [BLABLALOGIA] - Ci√™ncia Sem Fim #123,2022-10-29,71635,3644,84,Live
6955.0,RESENHA COM DUPLA BIG BANG - Ci√™ncia Sem Fim #122,2022-10-20,38464,3293,100,Live
11623.0,RESENHA COM ESLEN DELANOGARE - Ci√™ncia Sem Fim #121,2022-10-15,459922,17037,336,Live
10098.0,SACANI RESPONDE [SPACEX] - Ci√™ncia Sem Fim #120,2022-10-08,316713,9147,160,Live
17169.0,RESENHA COM PIRULA - Ci√™ncia Sem Fim #119,2022-10-06,474959,24976,753,Live
10623.0,CI√äNCIA VISITA AMPLIFICA - Ci√™ncia Sem Fim #118,2022-10-01,50696,3768,90,Live
6672.0,SACANI RESPONDE [CASSINI/SATURNO] - Ci√™ncia Sem Fim #117,2022-09-30,224234,7694,133,Live
9148.0,FELIPE GUISOLI - Ci√™ncia Sem Fim #116,2022-09-28,158476,12679,404,Live
9030.0,SACANI RESPONDE [J√öPITER] - Ci√™ncia Sem Fim #115,2022-09-23,1325937,22577,482,Live
7566.0,JULIO SHIDARA - Ci√™ncia Sem Fim #114,2022-09-22,60766,4028,115,Live
8543.0,SACANI RESPONDE [MISS√ÉO DART] - Ci√™ncia Sem Fim #113,2022-09-16,441032,8668,195,Live
9518.0,BRASIL NA LUA - Ci√™ncia Sem Fim #112,2022-09-15,44887,3139,102,Live
8400.0,SACANI RESPONDE [MISS√ÉO VOYAGER] - Ci√™ncia Sem Fim #111,2022-09-10,858559,16460,366,Live
8253.0,SACANI RESPONDE [MISS√ÉO ARTEMIS] - Ci√™ncia Sem Fim #110,2022-09-03,443287,10589,222,Live
7964.0,JEFFERSON FEITOSA - Ci√™ncia Sem Fim #109,2022-09-02,34274,2189,123,Live
8773.0,SERGIO SACANI E LAURENCE - A CI√äNCIA DAS EMBALAGENS - CI√äNCIA SEM FIM + @KritikePodcast  #152,2022-08-23,101360,5219,207,Live
9628.0,CHARLEY JUNIOR E MATEUS VIEIRA [BRAVO AEROSPACE] - Ci√™ncia Sem Fim #107,2022-08-19,31226,1495,49,Live
10270.0,SACANI RESPONDE [MARTE] - Ci√™ncia Sem Fim #108,2022-08-19,1441281,27738,640,Live
9100.0,JAMES STRAUSS [FLAUTISTA] [+ NED OLIVEIRA] - Ci√™ncia Sem Fim #106,2022-08-17,21196,1845,41,Live
9040.0,SACANI RESPONDE [EXOPLANETAS] - Ci√™ncia Sem Fim #105,2022-08-13,287261,11184,168,Live
9113.0,ROBERTA DUARTE [+ NED OLIVEIRA] - Ci√™ncia Sem Fim #104,2022-08-11,112245,7606,148,Live
9126.0,SACANI RESPONDE [BIG BANG] - Ci√™ncia Sem Fim #103,2022-08-06,630221,17681,531,Live
8503.0,TATIANA M√îNICO [MAM√ÉE PILOTO] - Ci√™ncia Sem Fim #102,2022-08-05,53042,3963,129,Live
8182.0,VICTOR HESPANHA [TURISTA ESPACIAL] - Ci√™ncia Sem Fim #101,2022-08-04,22547,2119,21,Live
10196.0,SACANI RESPONDE [JAMES WEBB] - Ci√™ncia Sem Fim #100,2022-07-14,930907,22099,455,Live
9201.0,DOUGLAS RODRIGUES - Ci√™ncia Sem Fim #99,2022-07-09,52497,3388,134,Live
7840.0,JOCEANE DALABONA [BOLADONA] - Ci√™ncia Sem Fim #98,2022-07-08,75386,6367,183,Live
9939.0,WELLTON ENISHI - Ci√™ncia Sem Fim #97,2022-07-07,25082,2207,48,Live
9311.0,JO√ÉO JUSTO PIRES - Ci√™ncia Sem Fim #96,2022-07-01,52338,4084,144,Live
7501.0,HELIO DIAS - Ci√™ncia Sem Fim #95,2022-06-25,33780,2179,72,Live
14509.0,MARCEL CAMPOS - Ci√™ncia Sem Fim #94,2022-06-24,67224,5269,254,Live
8677.0,ROBERTA E VINHETEIRO - Ci√™ncia Sem Fim #93,2022-06-23,154944,10537,481,Live
9970.0,S√âRGIO MAZZI [ASTR√îNOMO AMADOR] - Ci√™ncia Sem Fim #92,2022-06-11,74201,3036,51,Live
8734.0,ROBERTA KLEIN - Ci√™ncia Sem Fim #91,2022-06-04,56831,3858,122,Live
8546.0,JONAS GRUBER [QU√çMICO] - Ci√™ncia Sem Fim #90,2022-06-03,44396,3591,103,Live
7797.0,AMILTON BOTELHO [ENGENHEIRO QU√çMICO] - Ci√™ncia Sem Fim #89,2022-06-02,37138,2671,64,Live
9682.0,RENAN TORRES [JOGANDO KERBAL] - Ci√™ncia Sem Fim #88,2022-05-28,68163,5356,144,Live
7722.0,√âLCIO ABDALLA - Ci√™ncia Sem Fim #87,2022-05-27,49048,3607,109,Live
14513.0,RAFAEL BITTENCOURT - Ci√™ncia Sem Fim #86,2022-05-26,95554,7531,231,Live
8722.0,ROBERTA DUARTE - Ci√™ncia Sem Fim #85,2022-05-24,119758,8957,228,Live
10126.0,SPACEBR SHOW [EVENTO] - Ci√™ncia Sem Fim #84,2022-05-19,76606,5698,66,Live
12786.0,MIGUEL NICOLELIS [+ √ÅLVARO MACHADO DIAS E SACANI] - Flow #48 ü§ù @FlowPodcast,2022-05-13,480174,23486,1091,Live
9315.0,BRENO MASI - Ci√™ncia Sem Fim #83,2022-05-12,105424,6774,151,Live
9369.0,CL√ÅUDIA MEDEIROS - Ci√™ncia Sem Fim #82,2022-05-07,139525,6275,218,Live
8573.0,JEFERSON STEFANELLI - Ci√™ncia Sem Fim #81,2022-05-06,138542,6802,263,Live
11594.0,MARCOS PONTES - Ci√™ncia Sem Fim #80,2022-05-05,858437,27203,1305,Live
10716.0,KENNETH CORR√äA - Ci√™ncia Sem Fim #79,2022-04-30,118034,7310,222,Live
9319.0,SACANI RESPONDE [TEMA: SOL] - Ci√™ncia Sem Fim #78,2022-04-29,1739238,33271,761,Live
6276.0,MARCELO KNOBEL - Ci√™ncia Sem Fim #77,2022-04-21,55415,3826,123,Live
15903.0,CENTEN√ÅRIO JEAN NICOLINI [EVENTO] - Ci√™ncia Sem Fim #76,2022-04-09,41781,4237,101,Live
12737.0,GABRIELA BAILAS [F√çSICA E AFINS] - Ci√™ncia Sem Fim #75,2022-04-08,288019,18259,781,Live
8808.0,RAFAEL DE CAMPOS E VINICIUS BRANCO - Ci√™ncia Sem Fim #74,2022-04-02,37271,3018,57,Live
9757.0,SACANI RESPONDE [TEMA: LUA] - Ci√™ncia Sem Fim #73,2022-04-01,1228157,28417,608,Live
10561.0,EDNILSON OLIVEIRA - Ci√™ncia Sem Fim #72,2022-03-31,105647,3733,113,Live
7675.0,ESTER SABINO - Ci√™ncia Sem Fim #71,2022-03-26,31639,3379,76,Live
11394.0,CONRADO SERODIO [ASTROFOT√ìGRAFO] - Ci√™ncia Sem Fim #70,2022-03-25,52177,3489,72,Live
9499.0,GABRIELA MINGHINI E PHILIPE PIAIA - Ci√™ncia Sem Fim #69,2022-03-24,26051,2285,50,Live
9260.0,FERNANDO DE BORTHOLE - Ci√™ncia Sem Fim #68,2022-03-19,130022,7775,162,Live
9484.0,MARCELO TAS - Ci√™ncia Sem Fim #67,2022-03-18,90153,7056,182,Live
7844.0,RAFAEL STUDART - Ci√™ncia Sem Fim #66,2022-03-17,116557,9142,257,Live
8989.0,SACANI RESPONDE - Ci√™ncia Sem Fim #65,2022-03-10,2152362,39881,832,Live
7406.0,ALEXANDRE LAZAROU [+NED OLIVEIRA] - Ci√™ncia Sem Fim #64,2022-03-05,43198,3259,101,Live
7737.0,DANIELA MARC√çLIO - Ci√™ncia Sem Fim #63,2022-03-03,54377,3828,104,Live
9328.0,SACANI RESPONDE - Ci√™ncia Sem Fim #62,2022-02-25,482902,15725,629,Live
9193.0,NICK ELLIS - Ci√™ncia Sem Fim #61,2022-02-24,31937,2773,80,Live
12370.0,√ÅLVARO MACHADO DIAS [NEUROCIENTISTA] - Ci√™ncia Sem Fim #60,2022-02-18,118699,8112,188,Live
8322.0,MATHEUS TOMOTO - Ci√™ncia Sem Fim #59,2022-02-17,46668,4543,188,Live
12857.0,DINO E PEDRO PALLOTTA - Ci√™ncia Sem Fim #58,2022-02-05,188195,7682,267,Live
9939.0,CAU√ä MOURA - Ci√™ncia Sem Fim #57,2022-02-04,245447,19924,514,Live
11730.0,ALBERLAN BARROS [ASTROFOT√ìGRAFO] - Ci√™ncia Sem Fim #55,2022-01-29,131535,4647,132,Live
10281.0,FELIPE CASTANHARI [CANAL NOSTALGIA] - Ci√™ncia Sem Fim #54,2022-01-28,318265,23577,415,Live
9941.0,NELSON FALSARELLA - Ci√™ncia Sem Fim #52,2022-01-22,73175,4686,149,Live
10939.0,NELSON TRAVNIK E CARLOS ANDRADE - Ci√™ncia Sem Fim #51,2022-01-21,79901,6048,136,Live
9019.0,PAULO LEME - Ci√™ncia Sem Fim #50,2022-01-20,72531,6722,190,Live
10371.0,RODRIGO NEMMEN - Ci√™ncia Sem Fim #48,2022-01-14,175380,8407,186,Live
5530.0,RETROSPECTIVA 2021 [PARTE 2] - Ci√™ncia Sem Fim #46,2022-01-01,36105,2882,87,Live
6227.0,RETROSPECTIVA 2021 [PARTE 1] - Ci√™ncia Sem Fim #45,2021-12-30,57811,4501,78,Live
4761.0,SACANI RESPONDE - Ci√™ncia Sem Fim #44,2021-12-25,188555,14201,308,Live
6951.0,ESPECIAL JAMES WEBB - Ci√™ncia Sem Fim #43,2021-12-18,182239,10132,211,Live
8892.0,NED OLIVEIRA E FELIPE HIME - Ci√™ncia Sem Fim #41,2021-12-11,40799,3852,112,Live
11730.0,KRITIKE PODCAST - Ci√™ncia Sem Fim #40,2021-12-10,56713,3554,89,Live
7096.0,FELIPE HIME E POLLY BOPP [SPACEBIZ] - Ci√™ncia Sem Fim #39,2021-12-09,33237,3216,97,Live
8483.0,HUGO FERNANDES - Ci√™ncia Sem Fim #38,2021-12-03,50534,4137,175,Live
8600.0,IVYS URQUIZA E RAFAEL PROCOPIO - Ci√™ncia Sem Fim #37,2021-12-02,34139,3890,198,Live
8594.0,SOROCABA - Ci√™ncia Sem Fim #36,2021-12-02,84134,8527,252,Live
9731.0,CARLOS RUAS [UM S√ÅBADO QUALQUER] - Ci√™ncia Sem Fim #35,2021-11-27,69534,6335,208,Live
9262.0,NAELTON ARAUJO [ASTR√îNOMO] - Ci√™ncia Sem Fim #34,2021-11-26,47903,4075,105,Live
9464.0,EDUARDO SISTEM√ÅTICO - Ci√™ncia Sem Fim #33,2021-11-25,249929,13166,1396,Live
10445.0,GABRIEL PATO [HACKER √âTICO] - Ci√™ncia Sem Fim #32,2021-11-20,310723,20913,388,Live
11246.0,PENA SPINELLI - Ci√™ncia Sem Fim #31,2021-11-19,143848,8109,301,Live
8223.0,ALEXSANDRO MOTA [MIST√âRIOS DO ESPA√áO] - Ci√™ncia Sem Fim #30,2021-11-17,66911,6993,184,Live
9908.0,JULIO LOBO [SOBREVIVENCIALISMO] - Ci√™ncia Sem Fim #29,2021-11-13,225179,17753,596,Live
10133.0,ROBERTA DUARTE - Ci√™ncia Sem Fim #28,2021-11-12,331490,22562,693,Live
7762.0,LUIS EDUARDO - Ci√™ncia Sem Fim #27,2021-11-11,51131,4658,118,Live
15205.0,PAULO MUZY - Ci√™ncia Sem Fim #26,2021-11-06,750627,53225,1148,Live
8462.0,IGOR E MONARK [FLOW PODCAST] - Ci√™ncia Sem Fim #25,2021-11-04,216644,19823,876,Live
8371.0,SCHWARZA - Ci√™ncia Sem Fim #24,2021-11-04,106865,11576,360,Live
10800.0,IBER√ä THEN√ìRIO [MANUAL DO MUNDO] - Ci√™ncia Sem Fim #22,2021-10-29,1556537,43667,701,Live
13722.0,PIRULA - Ci√™ncia Sem Fim #21,2021-10-28,3398109,62620,2306,Live
11786.0,VITOR METAFORANDO - Ci√™ncia Sem Fim #20,2021-10-23,282189,17599,624,Live
8730.0,RICHARD CARDIAL [GALERIA DO METEORITO] - Ci√™ncia Sem Fim #19,2021-10-21,39275,3595,135,Live
7464.0,MIRIAN CASTEJON E MARCELO RUBINHO [ASTROTUBERS] - Ci√™ncia Sem Fim #18,2021-10-16,27506,3158,99,Live
9547.0,VINICIUS AZEVEDO E RICARDO QUINDOS - Ci√™ncia Sem Fim #17,2021-10-15,30595,3217,65,Live
6743.0,REINALDO JOS√â LOPES - Ci√™ncia Sem Fim #16,2021-10-14,66577,6395,335,Live
10302.0,ARTHUR PETRY [√Ä DERIVA PODCAST] - Ci√™ncia Sem Fim #15,2021-10-08,181310,14070,562,Live
10395.0,SALVADOR NOGUEIRA - Ci√™ncia Sem Fim #14,2021-10-07,105607,8115,517,Live
8684.0,JOS√â LUIS [ASTR√îNOMO AMADOR] - Ci√™ncia Sem Fim #13,2021-10-02,60607,6129,221,Live
9300.0,LAURA MARISE E ANA BONASSA [NUNCA VI 1 CIENTISTA] - Ci√™ncia Sem Fim #11,2021-09-30,82670,9139,390,Live
9366.0,DINO [DOBRA ESPACIAL] - Ci√™ncia Sem Fim #10,2021-09-25,107854,10075,242,Live
8571.0,LUCAS FONSECA [ASTROEMPREENDEDOR] - Ci√™ncia Sem Fim #09,2021-09-23,39803,4668,94,Live
8822.0,NED OLIVEIRA [LAN√áAMENTO INSPIRATION 4] - Ci√™ncia Sem Fim #07,2021-09-16,118662,13272,235,Live
11410.0,PEDRO PALLOTTA [SPACE ORBIT] - Ci√™ncia Sem Fim #06,2021-09-11,299214,12756,294,Live
8379.0,ALBERTO DELL`ISOLA  - Ci√™ncia Sem Fim #05,2021-09-09,241757,18711,550,Live
9953.0,LITO SOUSA [AVI√ïES E M√öSICAS] - Ci√™ncia Sem Fim #04,2021-09-04,968171,58523,1449,Live
9550.0,MARCOS PALHARES [FUTURO ASTRONAUTA] - Ci√™ncia Sem Fim #03,2021-09-02,138885,15396,575,Live
7382.0,DOUGLAS GALANTE [ASTROBIOLOGO] - Ci√™ncia Sem Fim #02,2021-08-28,429020,30746,1027,Live
11548.0,RATO BORRACHUDO - Ci√™ncia Sem Fim #01,2021-08-26,423094,47825,1374,Live
